id,requerimiento_id,descripcion,referencia_normativa,prioridad,justificacion,metodo_validacion,dependencias_exclusiones,categoria,ejemplo_practico,fecha_creacion,tag,norma_sugerida,legibility_score,ambiguous_terms
1,SIR-001,El sistema debe implementar control de acceso basado en roles (RBAC) para restringir el acceso a la ePHI según el perfil del usuario.,"NIST SP 800-53 Rev.5 AC-3, ISO 27002:2022 5.15, HIPAA 45 CFR §164.312(a)(1)",Alta,Minimiza el riesgo de acceso no autorizado a información sensible. Es fundamental para proteger la confidencialidad de los datos de salud.,Inspección del sistema de gestión de identidades y roles + prueba funcional de acceso.,"Depende de SIR-002 (gestión de identidades), excluye controles estáticos por usuario.","Broken Access Control (OWASP A01:2021), CWE-862","Usuario tipo ""administrativo"" no puede acceder a módulos clínicos como e-prescripción.",2025-04-11T15:24:55.675821+00:00,,,48.13,[]
4,SIR-002,El sistema debe autenticar a los usuarios mediante credenciales fuertes con doble factor (2FA).,"NIST SP 800-53 Rev.5 IA-2(1), ISO 27002:2022 5.17, DISA STIG V-222390",Alta,"Previene el acceso fraudulento por robo o suplantación de credenciales, especialmente en entornos expuestos (teletrabajo, móviles).",Revisión de política de autenticación y pruebas de acceso con 2FA.,Requiere integración de mecanismo 2FA seguro. Relacionado con SIR-001 y SIR-006.,"Identification and Authentication Failures (OWASP A07:2021), CWE-287",Uso de aplicación de autenticación OTP como Google Authenticator o claves FIDO2.,2025-04-11T16:16:12.455682+00:00,,,40.35,[]
5,SIR-003,Las sesiones de usuario deben cerrarse automáticamente tras 15 minutos de inactividad.,"HIPAA 45 CFR §164.312(b), DISA STIG V-222389, NIST AC-12",Media,Reduce el riesgo de secuestro de sesión cuando un usuario deja una sesión activa sin supervisión.,Configuración del sistema + pruebas de expiración de sesión.,Requiere mecanismo de monitoreo de actividad de sesión.,"Session Management, Broken Access Control",El sistema cierra automáticamente la sesión del médico tras 15 minutos sin uso.,2025-04-11T16:16:12.455682+00:00,,,42.38,[]
6,SIR-004,Toda la información ePHI transmitida fuera del entorno seguro debe estar cifrada mediante TLS 1.2 o superior.,"HIPAA 45 CFR §164.312(e)(1), ISO 27799:2016 10.1, NIST SC-12, DISA STIG V-222396",Alta,Protege la confidencialidad e integridad de la ePHI durante su transmisión en redes no confiables.,"Análisis de red, escaneo de configuración SSL/TLS.","Complementa SIR-005 (cifrado en reposo), requiere certificados válidos.","Cryptographic Failures (OWASP A02:2021), CWE-311",El acceso a OpenEMR vía navegador se realiza exclusivamente por HTTPS.,2025-04-11T16:16:12.455682+00:00,,,37.47,[]
7,SIR-005,La base de datos debe cifrar la ePHI en reposo usando AES-256.,"NIST SC-28, ISO 27002:2022 10.1, HIPAA 45 CFR §164.312(a)(2)(iv)",Alta,Protege la confidencialidad de los datos en caso de acceso físico o lógico a los servidores.,Revisión técnica del sistema de almacenamiento y configuración de cifrado.,Relacionado con SIR-004.,"Cryptographic Failures, Data at Rest Protection",Cifrado de discos mediante LUKS o cifrado nativo en MySQL con claves almacenadas en KMS.,2025-04-11T16:16:12.455682+00:00,,,84.68,[]
8,SIR-006,"El sistema debe registrar y auditar todos los accesos a la ePHI, incluyendo fecha, usuario, acción y resultado.","NIST AU-2, ISO 27002:2022 5.25, HIPAA 45 CFR §164.312(b)",Alta,Permite detectar accesos no autorizados o anómalos a información crítica.,"Revisión de archivos de log, pruebas de auditoría.",Requiere mecanismos de retención y protección de logs (ver SIR-007).,"Security Logging and Monitoring (OWASP A09:2021), CWE-778",Registro automático de todas las consultas y ediciones a fichas de pacientes.,2025-04-11T16:16:12.455682+00:00,,,36.28,[]
9,SIR-007,Los registros de auditoría deben almacenarse de forma protegida e inalterable durante al menos 6 años.,"HIPAA §164.316(b), NIST AU-11, ISO 27002:2022 5.27",Alta,Garantiza evidencia de cumplimiento y soporte en auditorías.,Configuración de retención y control de integridad de logs.,Requiere implementación de SIR-006.,"Audit and Accountability, Non-Repudiation",Almacenamiento en sistema WORM o SIEM con control de integridad.,2025-04-11T16:16:12.455682+00:00,,,29.86,[]
10,SIR-008,El sistema debe validar de forma estricta todos los datos introducidos por usuarios para evitar inyecciones SQL o de comandos.,"OWASP A03:2021, CWE-89, CWE-77, NIST SI-10",Alta,Previene ataques que podrían comprometer la integridad del sistema y exfiltrar información sensible.,"Revisión de código, pruebas de penetración y fuzzing.",Relacionado con controles de desarrollo seguro.,"Injection, Improper Input Validation",Uso de sentencias preparadas y validación de campos.,2025-04-11T16:16:12.455682+00:00,,,17.34,[]
11,SIR-009,El sistema debe contar con un plan documentado y probado de continuidad de negocio para asegurar la disponibilidad de la ePHI.,"ISO 27002:2022 5.30, NIST CP-2, HIPAA 45 CFR §164.308(a)(7)(i)",Alta,"Garantiza la disponibilidad de la ePHI ante desastres naturales, fallos tecnológicos o ataques.",Revisión del plan de continuidad y pruebas de simulación.,Relacionado con SIR-010 y SIR-011.,"Business Continuity, Availability Management",Plan de recuperación con objetivos RTO < 4h y RPO < 1h.,2025-04-11T16:16:12.455682+00:00,,,33.24,[]
12,SIR-010,El sistema debe realizar copias de seguridad automáticas y regulares de todos los datos que incluyan ePHI.,"HIPAA 45 CFR §164.308(a)(7)(ii)(A), NIST CP-9, ISO 27002:2022 5.33",Alta,Asegura la restauración de la ePHI ante fallos o incidentes.,Auditoría de políticas de backup y verificación de registros.,Relacionado con SIR-009 y SIR-005.,"Data Recovery, Resilience",Copias incrementales diarias y completas semanales cifradas en AWS Glacier.,2025-04-11T16:16:12.455682+00:00,,,54.22,[]
13,SIR-011,Deben implementarse mecanismos de alta disponibilidad y redundancia para servicios críticos del sistema EHR.,"NIST SC-6, ISO 27002:2022 5.30, OWASP A08:2021",Alta,Minimiza el impacto de fallas en servicios críticos.,Inspección de arquitectura y simulación de fallos.,Requiere monitoreo activo (ver SIR-012).,"Availability, Infrastructure Security",Balanceo de carga activo-activo y clúster multi-zona en AWS.,2025-04-11T16:16:12.455682+00:00,,,6.5,[]
14,SIR-012,Debe monitorizarse en tiempo real la disponibilidad de los componentes y generar alertas ante fallos o degradación.,"NIST IR-5, ISO 27002:2022 5.22, HIPAA §164.308(a)(6)",Alta,Permite la detección temprana de incidentes para reducir tiempos de recuperación.,Verificación de integración de herramientas de monitoreo.,Complementa SIR-011 y SIR-009.,"Monitoring & Alerting, Logging and Monitoring","Integración con Prometheus, Grafana y alertas en canales 24/7.",2025-04-11T16:16:12.455682+00:00,,,37.3,[]
15,SIR-013,El plan de continuidad debe incluir escenarios específicos de ciberataques como ransomware o denegación de servicio.,"NIST CP-2, DISA STIG, ISO 27002:2022 5.24",Media,Asegura que el plan de continuidad aborde amenazas cibernéticas.,Análisis de escenarios y simulacros de recuperación.,"Relacionado con SIR-009, SIR-006 y SIR-010.",Incident Response & Resilience,Simulacros de ransomware con restauración desde backup limpio.,2025-04-11T16:16:12.455682+00:00,,,29.86,[]
16,SIR-014,Se deben definir y probar procedimientos de operación manual temporal para continuidad mínima del servicio.,"ISO 27002:2022 5.29, NIST CP-10, Canada Health Infoway Req. 31",Media,Permite continuar con atención básica en caso de caída total del sistema digital.,Revisión documental y pruebas piloto offline.,Complemento de SIR-009.,"Business Continuity, Offline Resilience","Uso de formularios impresos para admisión y recetas, sincronizados posteriormente.",2025-04-11T16:16:12.455682+00:00,,,22.41,[]
17,SIR-015,El sistema debe permitir la recolección explícita y documentada del consentimiento informado del paciente antes de procesar ePHI.,"ISO 27799:2016 8.1.3, HIPAA §164.508, Canada Health Infoway Req. 4",Alta,Esencial para respetar los derechos del titular de los datos y cumplir regulaciones.,Verificación de pantallas/formularios y registro en base de datos.,Requiere SIR-016 para revocación de consentimiento.,"Privacy Consent, Legal & Regulatory Compliance",Consentimiento digital firmado en interfaz web previo al primer uso.,2025-04-11T16:16:12.455682+00:00,,,10.91,[]
18,SIR-016,"El sistema debe permitir que el paciente revoque su consentimiento previamente otorgado, reflejando el cambio en tiempo real.","HIPAA §164.522(b), ISO 27799:2016 8.1.4",Alta,Respetar la autonomía del paciente y permitir modificar decisiones previas.,Verificación de la interfaz de revocación y revisión de logs.,Requiere SIR-015 implementado.,"Data Subject Rights, Consent Management",Portal del paciente que permita revocar accesos sin afectar atención clínica.,2025-04-11T16:16:12.455682+00:00,,,27.83,[]
19,SIR-017,"El sistema debe aplicar principios de minimización de datos, recolectando y procesando solo la ePHI estrictamente necesaria.","ISO 27799:2016 7.1.3, NIST AP-1, Canada Health Infoway Req. 8",Alta,Reduce el riesgo de exposición innecesaria y fortalece la privacidad desde el diseño.,Análisis de procesos y formularios.,Complementa SIR-015.,"Privacy by Design, Data Minimization",Exclusión de campos irrelevantes como nacionalidad o religión.,2025-04-11T16:16:12.455682+00:00,,,37.3,[]
20,SIR-018,"Debe implementarse trazabilidad detallada sobre qué usuarios acceden, consultan o modifican ePHI por paciente.","HIPAA §164.312(b), ISO 27002:2022 5.26, NIST AU-3",Alta,Permite llevar auditorías efectivas y controlar el acceso a datos sensibles.,Revisión de logs segmentados por paciente.,Complementa SIR-006 y SIR-007.,"Auditability, Data Provenance, Accountability",Registro detallado de accesos a historias clínicas con IP y timestamp.,2025-04-11T16:16:12.455682+00:00,,,-10.42,[]
21,SIR-019,El sistema debe permitir que el paciente acceda y revise su propia ePHI de forma segura.,"HIPAA §164.524, ISO 27799:2016 8.2.1, Canada Health Infoway Req. 5",Media,Fomenta la transparencia y el control por parte del paciente sobre sus datos.,Pruebas funcionales del portal del paciente.,Relacionado con SIR-020.,"Data Subject Access, Transparency",Acceso autenticado a historial clínico desde interfaz móvil.,2025-04-11T16:16:12.455682+00:00,,,55.24,[]
22,SIR-020,El sistema debe permitir que el paciente solicite la rectificación de su ePHI cuando identifique errores.,"HIPAA §164.526, ISO 27799:2016 8.2.2, NIST AP-2",Media,Garantiza la precisión de la información de salud.,Validación del flujo de solicitud y auditoría de cambios.,Complementa SIR-019.,"Data Integrity, Accuracy, Patient Rights",Solicitud de corrección mediante módulo de atención al paciente.,2025-04-11T16:16:12.455682+00:00,,,38.32,[]
23,SIR-021,El sistema debe anonimizar o seudonimizar los datos antes de su uso para fines secundarios.,"ISO 27799:2016 9.3, NIST PM-19, Canada Health Infoway Req. 11",Alta,Protege la identidad del paciente en usos no asistenciales.,Hashing de identificadores y control de accesos.,Complementa SIR-015 y SIR-017.,"Data Anonymization, Secondary Use Controls",Reemplazo de identificadores por claves internas irreversibles.,2025-04-11T16:16:12.455682+00:00,,,56.25,[]
24,SIR-022,"El sistema debe aplicar políticas de retención mínima de ePHI conforme a requisitos legales y clínicos, eliminando datos innecesarios.","HIPAA §164.316(b), ISO 27799:2016 9.1, NIST DM-2",Media,Disminuye el riesgo y controla el ciclo de vida de la ePHI.,Revisión de políticas y ejecuciones automatizadas.,Requiere SIR-007.,"Data Lifecycle Management, Retention and Disposal",Eliminación automática de datos que superen los 10 años de almacenamiento.,2025-04-11T16:16:12.455682+00:00,,,26.81,[]
25,SIR-023,Los datos ePHI no deben transferirse a jurisdicciones fuera del país sin evaluaciones de riesgo y cumplimiento.,"ISO 27799:2016 9.2, NIST PM-5, Canada Health Infoway Req. 14",Alta,Protege los derechos de los pacientes frente a legislaciones menos estrictas.,Evaluación contractual y de ubicación de servidores.,Depende de políticas de cloud y geolocalización.,"Cross-Border Data Transfers, Legal Compliance",Evaluación DPIA antes de usar proveedores cloud fuera de EE. UU. o Canadá.,2025-04-11T16:16:12.455682+00:00,,,54.22,[]
26,SIR-024,El sistema debe proteger los metadatos asociados a ePHI para evitar inferencias indebidas.,"ISO 27799:2016 7.5.2, NIST AC-16, OWASP Top 10 Privacy Risks (P4)",Media,Una metadata inadecuada puede revelar información sensible indirecta.,Análisis de registros y eliminación de información sensible en los metadatos.,Complementa SIR-021 y SIR-006.,"Metadata Privacy, Inference Protection","Eliminación de autores, timestamps y ubicaciones en exportes de datos.",2025-04-11T16:16:12.455682+00:00,,,24.44,[]
27,SIR-025,"El sistema debe diferenciar claramente el acceso a datos identificables, seudonimizados y anonimizados mediante control de roles.","ISO 27799:2016 8.1.6, NIST AC-16, Canada Health Infoway Req. 12",Alta,Establece barreras para minimizar el riesgo de reidentificación indebida.,Validación de matrices de permisos y simulación de accesos cruzados.,Requiere SIR-001 y SIR-021.,"Data Segmentation, Role-Based Privacy Enforcement",Acceso restringido a datos seudonimizados para investigación sin identificar al paciente.,2025-04-11T16:16:12.455682+00:00,,,11.92,[]
28,SIR-026,"El sistema debe permitir establecer políticas de acceso diferencial en función del contexto de uso (atención, auditoría, investigación).","ISO 27799:2016 8.1.5, NIST AC-3(3), Canada Health Infoway Req. 7",Alta,Reduce el riesgo de acceso indebido según el contexto de uso.,Verificación de configuraciones de acceso y análisis de logs.,Relacionado con SIR-001 y SIR-025.,"Context-Aware Access Control, Least Privilege",Acceso limitado a funciones críticas según el rol y contexto.,2025-04-11T16:16:12.455682+00:00,,,10.91,[]
29,SIR-027,El sistema debe notificar al paciente cuando su ePHI sea accedida para usos no asistenciales o por terceros.,"HIPAA §164.528, ISO 27799:2016 8.2.3, Canada Health Infoway Req. 6",Media,Aumenta la transparencia y confianza al informar al paciente.,Verificación de logs y pruebas de notificación.,Requiere SIR-006 y SIR-018.,"Transparency, Data Usage Notification",Alerta automática por correo cuando se consulta el historial clínico.,2025-04-11T16:16:12.455682+00:00,,,44.75,[]
30,SIR-028,El sistema debe aplicar validación estricta de entradas tanto del lado cliente como del servidor para prevenir inyecciones y corrupción de datos.,"OWASP A03:2021, CWE-20, CWE-89, DISA STIG V-222401, ISO 27002:2022 5.23",Alta,Previene ataques que puedan comprometer la integridad del sistema.,Revisión de código y pruebas de fuzzing.,Relacionado con SIR-008.,"Input Validation, Secure Coding Practices",Uso de filtros sanitizadores y consultas parametrizadas.,2025-04-11T16:16:12.455682+00:00,,,40.69,[]
31,SIR-029,"El sistema debe evitar el uso de credenciales hardcoded, usando mecanismos seguros para la gestión de secretos.","CWE-798, NIST SC-12, DISA STIG V-222440, ISO 27002:2022 8.2.4",Alta,Previene la exposición accidental de credenciales que comprometan la infraestructura.,Análisis de repositorios y uso de herramientas de escaneo.,Complemento de políticas de DevSecOps.,"Credential Management, Secrets Handling",Utilizar AWS Secrets Manager para almacenar claves API de forma segura.,2025-04-11T16:16:12.455682+00:00,,,28.84,[]
32,SIR-030,Todo código fuente debe ser revisado por al menos un segundo desarrollador antes de entrar a producción.,"NIST SA-11, ISO 27002:2022 5.8, DISA STIG V-222433",Media,Detecta errores y vulnerabilidades que puedan pasar desapercibidos.,Revisión de pull requests y trazabilidad en CI/CD.,Requiere prácticas de gestión de configuración (SIR-033).,"Code Review, Secure Development Lifecycle",Uso de GitHub Actions para bloquear merges sin revisión doble.,2025-04-11T16:16:12.455682+00:00,,,37.3,[]
33,SIR-031,Las dependencias y componentes de terceros deben ser analizados contra vulnerabilidades conocidas (SBOM).,"OWASP A06:2021, NIST SI-7, ISO 27002:2022 5.23, DISA STIG V-222437",Alta,Previene explotaciones mediante componentes vulnerables.,Uso de escáneres de composición de software y alertas de CVE.,Relacionado con SIR-032.,"Vulnerable Components, Software Supply Chain",Implementar Dependabot o Snyk para revisar actualizaciones.,2025-04-11T16:16:12.455682+00:00,,,7.52,[]
34,SIR-032,El sistema debe aplicar parches de seguridad de manera periódica y automatizada.,"NIST SI-2, DISA STIG V-222441, ISO 27002:2022 5.28",Alta,La aplicación oportuna de parches minimiza la exposición a vulnerabilidades conocidas.,Revisión de políticas de parches y registros de despliegue.,Requiere mecanismos de pruebas en entornos de staging.,"Patch Management, System Hardening",Automatización semanal de actualizaciones en contenedores Docker a través de pipelines.,2025-04-11T16:16:12.455682+00:00,,,25.46,[]
35,SIR-033,Se debe implementar control de versiones y gestión de cambios en todos los activos de software.,"ISO 27002:2022 5.8, NIST CM-3, DISA STIG V-222430",Media,Facilita la trazabilidad de cambios y auditoría.,Auditoría del sistema de control de versiones y gestión de ramas.,Requiere una cultura DevSecOps consolidada.,"Configuration Management, Change Control",Integración con GitLab y uso obligatorio de merge requests con revisión.,2025-04-11T16:16:12.455682+00:00,,,55.24,[]
36,SIR-034,El sistema debe incluir un proceso formal de gestión y respuesta a incidentes de seguridad.,"ISO 27002:2022 5.25, NIST IR-4, HIPAA §164.308(a)(6)",Alta,Permite una respuesta rápida y coordinada ante incidentes para minimizar el impacto.,Documentación de procedimientos y simulacros de respuesta.,Complementa SIR-012 y SIR-006.,"Incident Response, Security Operations",Guía de actuación ante ransomware con responsables definidos.,2025-04-11T16:16:12.455682+00:00,,,47.79,[]
37,SIR-035,Se deben definir métricas y criterios de severidad para clasificar los incidentes de seguridad.,"NIST IR-4, ISO 27002:2022 5.25.3",Media,Facilita la priorización y respuesta a incidentes mediante clasificación estandarizada.,Verificación de la taxonomía y simulación de escalamiento.,Requiere implementación de SIR-034.,"Incident Classification, Risk Management","Clasificación de incidentes como ""alto"" si superan 500 registros comprometidos.",2025-04-11T16:16:12.455682+00:00,,,31.89,[]
38,SIR-036,"El sistema debe notificar al oficial de privacidad y seguridad, así como a los usuarios afectados, cuando ocurra una violación de ePHI.","HIPAA §164.404, ISO 27799:2016 8.3, NIST IR-6",Alta,Garantiza el cumplimiento legal y la transparencia en la gestión de brechas.,Verificación de notificaciones y revisión de logs de incidentes.,Depende de SIR-034 y SIR-006.,"Breach Notification, Compliance",Envío automático de alertas al oficial de seguridad y aviso a usuarios afectados.,2025-04-11T16:16:12.455682+00:00,,,32.22,[]
39,SIR-037,"Todos los incidentes deben documentarse en un registro centralizado con fecha, tipo, impacto, medidas y seguimiento.","ISO 27002:2022 5.25.4, NIST IR-5, HIPAA §164.308(a)(6)(ii)",Media,La documentación detallada permite análisis forense y mejora continua.,Revisión de la documentación y simulación de incidentes.,Relacionado con SIR-034 y SIR-035.,"Incident Tracking, Accountability",Sistema interno que codifica y documenta cada incidente con responsables asignados.,2025-04-11T16:16:12.455682+00:00,,,29.86,[]
40,SIR-038,"El personal debe recibir formación periódica en detección, reporte y actuación ante incidentes de seguridad.","NIST AT-2, ISO 27002:2022 6.3, HIPAA §164.308(a)(5)",Media,La capacitación mejora la detección temprana de amenazas.,Registro de asistencias y evaluaciones formativas.,Complementa SIR-034.,"Security Awareness, Human Risk Management",Cursos anuales obligatorios sobre seguridad y respuesta a incidentes.,2025-04-11T16:16:12.455682+00:00,,,22.41,[]
41,SIR-039,Todo acceso a OpenEMR debe estar sujeto a autenticación mediante credenciales únicas e intransferibles por usuario.,"ISO 27002:2022 5.17, NIST IA-2, HIPAA §164.312(d)",Alta,"Previene el acceso compartido o no autorizado, garantizando trazabilidad.",Revisión de políticas de autenticación y pruebas de acceso.,Base para SIR-002 (2FA) y SIR-040.,"Authentication, Identity Assurance","Acceso con usuario único, por ejemplo ""medico1"".",2025-04-11T16:16:12.455682+00:00,,,4.47,[]
42,SIR-040,El sistema debe forzar el cambio periódico de credenciales según política definida (mínimo cada 90 días).,"NIST IA-5(1), ISO 27002:2022 5.17.3, DISA STIG V-222402",Media,Minimiza riesgos asociados a credenciales antiguas.,Revisión de políticas y registros de cambio.,Requiere SIR-039 y políticas de gestión de usuarios.,Credential Lifecycle Management,Cambio obligatorio de contraseña cada 90 días sin reutilización de las últimas 5.,2025-04-11T16:16:12.455682+00:00,,,46.78,[]
43,SIR-041,"Toda cuenta de usuario debe estar sujeta a un proceso de alta, baja y modificación controlado (ciclo de vida IAM).","ISO 27002:2022 5.18, NIST AC-2, HIPAA §164.308(a)(3)",Alta,Asegura que solo usuarios autorizados tengan acceso y sean desactivados cuando ya no lo requieren.,Auditoría de procesos de provisión y revocación.,Relacionado con SIR-001 y SIR-039.,"Identity Provisioning, Access Governance",Revocación automática en menos de 24 horas al desvincular a un usuario.,2025-04-11T16:16:12.455682+00:00,,,25.8,[]
44,SIR-042,Se deben registrar intentos de acceso fallidos y generar alertas ante patrones sospechosos (ej. 5 intentos).,"NIST AC-7, ISO 27002:2022 5.17.6, OWASP A07:2021",Alta,Permite detectar ataques de fuerza bruta y accesos indebidos.,Simulación de fallos y revisión de logs.,Relacionado con SIR-006 y SIR-012.,"Access Control Monitoring, Brute Force Protection",Bloqueo temporal tras 5 intentos fallidos y notificación.,2025-04-11T16:16:12.455682+00:00,,,29.86,[]
45,SIR-043,"El sistema debe soportar federación de identidad para facilitar el acceso seguro de usuarios externos (SSO, SAML, OIDC).","ISO 27002:2022 5.17.4, NIST IA-8, Canada Health Infoway Req. 20",Media,Facilita la integración segura con sistemas externos.,Pruebas de integración con proveedor federado.,Requiere SIR-039 y compatibilidad con SSO.,"Federated Access, Interoperability",Acceso mediante login federado sin creación de cuentas locales.,2025-04-11T16:16:12.455682+00:00,,,27.83,[]
46,SIR-044,"El sistema debe deshabilitar o eliminar todos los servicios, puertos y protocolos no utilizados en los servidores.","DISA STIG APP3510, ISO 27002:2022 5.23, NIST CM-7",Alta,Reduce la superficie de ataque.,Escaneo de puertos y revisión de configuraciones.,Requiere una política de configuración base.,"Attack Surface Reduction, Secure Configuration",Deshabilitar servicios innecesarios como Telnet o FTP.,2025-04-11T16:16:12.455682+00:00,,,20.38,[]
47,SIR-045,Todos los sistemas deben aplicar políticas seguras de contraseñas a nivel de sistema operativo.,"DISA STIG APP3520, ISO 27002:2022 5.17, NIST IA-5",Alta,Aumenta la robustez de las credenciales y protege el acceso.,Revisión de configuraciones PAM/Linux y políticas de grupos en Windows.,Complementa SIR-040 y SIR-002.,"System Authentication, Password Policy Enforcement","Política de mínimo 12 caracteres, combinación de símbolos y bloqueo tras 5 intentos.",2025-04-11T16:16:12.455682+00:00,,,40.35,[]
48,SIR-046,"El sistema debe mantener un benchmark de configuración segura basado en STIG, CIS o similar, revisado periódicamente.","DISA STIG APP3500, ISO 27002:2022 5.23, NIST CM-6",Media,Define una línea base para configuraciones seguras en entornos heterogéneos.,Revisión periódica y documentación interna de benchmarks.,Relacionado con SIR-044 y SIR-048.,"Configuration Baseline, Secure Build Standards",Documentar la configuración estándar para servidores Ubuntu en Docker.,2025-04-11T16:16:12.455682+00:00,,,28.84,[]
49,SIR-047,"Las configuraciones de aplicaciones web deben evitar listados de directorios y acceso a archivos ocultos, y mostrar mensajes de error genéricos.","OWASP A05:2021, DISA STIG APP3525, CWE-200",Alta,Evita la exposición de información técnica y estructura interna.,Pruebas de escaneo web y análisis de configuración del servidor.,Complementa SIR-004 y SIR-008.,"Security Misconfiguration, Information Disclosure",Configurar Apache con 'Options -Indexes' y mensajes de error genéricos.,2025-04-11T16:16:12.455682+00:00,,,24.78,[]
50,SIR-048,Toda configuración de sistema debe estar sujeta a control de cambios formal con aprobación y trazabilidad.,"NIST CM-3, ISO 27002:2022 5.8, DISA STIG APP3505",Alta,Previene modificaciones no autorizadas y permite auditoría.,Revisión de registros y control de cambios.,Requiere SIR-033 (gestión de versiones).,"Change Management, Configuration Control",Uso de pull requests y tickets de aprobación para cambios en producción.,2025-04-11T16:16:12.455682+00:00,,,29.86,[]
51,SIR-049,El acceso a OpenEMR desde dispositivos móviles debe estar restringido a través de mecanismos como MDM o listas de dispositivos autorizados.,"NIST AC-19, ISO 27002:2022 5.24, Canada Health Infoway Req. 19",Alta,Reduce el riesgo en dispositivos no gestionados o comprometidos.,Verificación de soluciones MDM y revisión de políticas de acceso.,Complementa SIR-002 y SIR-041.,"Mobile Device Management, Endpoint Security",Solo dispositivos registrados en MDM pueden acceder a la app.,2025-04-11T16:16:12.455682+00:00,,,16.32,[]
52,SIR-050,El sistema debe exigir cifrado en disco completo en dispositivos móviles que accedan a ePHI.,"HIPAA §164.312(a)(2)(iv), NIST MP-6, ISO 27002:2022 8.11",Alta,Protege datos locales en caso de pérdida o robo del dispositivo.,Verificación de configuraciones de cifrado en dispositivos gestionados por MDM.,Requiere SIR-049.,"Data at Rest Protection, Device Hardening",Uso de BitLocker o FileVault en laptops con acceso remoto.,2025-04-11T16:16:12.455682+00:00,,,47.79,[]
53,SIR-051,Los dispositivos móviles deben tener políticas de bloqueo automático tras un período de inactividad definido.,"NIST AC-11, ISO 27002:2022 8.1.6, DISA STIG V-222389",Media,Evita accesos no autorizados cuando el dispositivo queda sin supervisión.,Revisión de políticas de bloqueo en MDM o mediante directivas del sistema.,Relacionado con SIR-003 y SIR-049.,"Session Timeout, Mobile Access Control",Bloqueo automático en 2 minutos sin actividad.,2025-04-11T16:16:12.455682+00:00,,,39.33,[]
54,SIR-052,Se debe permitir el borrado remoto de datos ePHI en dispositivos móviles extraviados o comprometidos.,"ISO 27002:2022 8.13, NIST MP-6, Canada Health Infoway Req. 18",Alta,Previene la exposición de ePHI ante pérdida o robo del dispositivo.,Pruebas de borrado remoto y revisión de logs de eliminación.,Depende de SIR-049.,"Remote Wipe, Incident Response",Borrado remoto a través de MDM como Microsoft Intune.,2025-04-11T16:16:12.455682+00:00,,,22.41,[]
55,SIR-053,El acceso a ePHI desde navegadores en dispositivos móviles debe requerir canales seguros (HTTPS) y expiración reforzada de sesión.,"OWASP M2, HIPAA §164.312(e)(1), ISO 27002:2022 8.10",Alta,Mitiga riesgo de interceptación o secuestro de sesión en móviles.,Análisis de configuración TLS y políticas de expiración de sesión.,Complementa SIR-004 y SIR-051.,"Secure Mobile Communication, Session Management",Uso de HTTPS con HSTS y cookies configuradas con Secure y HttpOnly.,2025-04-11T16:16:12.455682+00:00,,,35.27,[]
56,SIR-054,El sistema debe centralizar los registros de eventos de seguridad y actividad de usuarios en una solución SIEM que permita su análisis y correlación.,"NIST AU-6, ISO 27002:2022 5.26, HIPAA §164.312(b), DISA STIG APP3550",Alta,Facilita la detección de amenazas y evidencia forense.,Inspección de integración con SIEM y revisión de dashboards.,Complementa SIR-006 y SIR-012.,"Security Logging and Monitoring, Threat Detection",Envío de logs en tiempo real a SIEM como Splunk o Wazuh.,2025-04-11T16:16:12.455682+00:00,,,47.12,[]
57,SIR-055,Los registros deben conservarse de forma segura y protegida contra alteraciones durante al menos 6 años.,"HIPAA §164.316(b)(2)(i), NIST AU-11, ISO 27002:2022 5.27",Alta,Proporciona trazabilidad legal y soporte en auditorías.,Verificación de almacenamiento inmutable y control de integridad.,Complementa SIR-007 y SIR-054.,"Audit Log Retention, Evidence Preservation",Uso de almacenamiento S3 con políticas de retención y protección.,2025-04-11T16:16:12.455682+00:00,,,38.32,[]
58,SIR-056,El sistema debe permitir la generación automatizada de reportes de auditoría para revisiones periódicas.,"ISO 27002:2022 5.26.3, NIST AU-6(3), Canada Health Infoway Req. 26",Media,Facilita el cumplimiento interno y externo.,Pruebas de generación de reportes y verificación de envíos.,Relacionado con SIR-054.,"Audit Reporting, Periodic Review",Envío automatizado mensual a través de un sistema de reportes.,2025-04-11T16:16:12.455682+00:00,,,6.5,[]
59,SIR-057,Se deben definir y aplicar reglas de correlación en el SIEM para detectar patrones anómalos o indicios de ataque.,"NIST AU-6(1), DISA STIG APP3555, ISO 27002:2022 5.22",Alta,Mejora la detección temprana y reduce el tiempo de respuesta ante incidentes.,Revisión de reglas implementadas y simulación de eventos anómalos.,Requiere SIR-054.,"Threat Detection, Anomaly Correlation",Reglas que detecten múltiples intentos fallidos seguidos de un acceso exitoso desde una IP diferente.,2025-04-11T16:16:12.455682+00:00,,,60.65,[]
60,SIR-058,El sistema debe permitir la visualización en tiempo real de indicadores de seguridad clave (KPI) mediante tableros.,"NIST IR-5, ISO 27002:2022 5.22, Canada Health Infoway Req. 27",Media,Permite supervisar en tiempo real la seguridad operativa.,Verificación de dashboards y pruebas con herramientas de monitoreo.,Complementa SIR-057.,"Real-Time Monitoring, Operational Security",Tablero que muestra en tiempo real el número de accesos fallidos por minuto.,2025-04-11T16:16:12.455682+00:00,,,37.3,[]
61,SIR-059,El sistema debe contar con arquitectura redundante y balanceo de carga para asegurar la continuidad del servicio ante fallos en componentes individuales.,"ISO 27002:2022 5.30, NIST SP 800-53 Rev.5 SC-6, Canada Health Infoway Req. 29",Alta,"Permite mantener la disponibilidad de los servicios críticos de OpenEMR ante interrupciones, actualizaciones o fallos inesperados.","Pruebas de failover, revisión de configuración de balanceadores de carga y nodos redundantes.",Relacionado con SIR-011 (Alta disponibilidad) y SIR-012 (Monitoreo).,"Availability, Fault Tolerance",Configuración de balanceador de carga con múltiples instancias OpenEMR desplegadas en zonas de disponibilidad distintas (AWS Multi-AZ).,2025-04-13T11:59:32.633323+00:00,,,15.31,[]
62,SIR-060,Los componentes críticos del sistema deben incluir mecanismos automáticos de detección de fallos y recuperación sin intervención humana.,"NIST SP 800-53 Rev.5 SC-7(8), ISO 27002:2022 5.30, DISA STIG APP3550",Alta,"Minimiza el tiempo de inactividad ante fallos parciales, evitando la necesidad de intervención humana inmediata.",Simulación de fallos de servicio con verificación de autorrecuperación o reinicio automático.,Complementa SIR-059 y SIR-012.,"Self-Healing Systems, Operational Resilience",Uso de contenedores Docker orquestados por Kubernetes con liveness y readiness probes para reinicio automático.,2025-04-13T11:59:32.633323+00:00,,,10.91,[]
63,SIR-061,Debe existir un mecanismo de replicación síncrona o asíncrona para las bases de datos y almacenamiento que contenga ePHI.,"ISO 27002:2022 5.33, NIST SP 800-53 Rev.5 CP-6, HIPAA 45 CFR §164.308(a)(7)",Alta,Asegura la persistencia e integridad de datos clínicos en caso de falla del nodo principal o desastre físico.,Revisión de configuración de replicación y pruebas de conmutación por error.,Relacionado con SIR-010 (copias de seguridad) y SIR-059.,"Data Replication, Disaster Recovery",Replicación binaria MySQL entre servidores primario y secundario en distintas regiones geográficas.,2025-04-13T11:59:32.633323+00:00,,,35.27,[]
64,SIR-062,El sistema debe establecer objetivos de RTO y RPO documentados para cada servicio crítico y validarlos mediante pruebas periódicas.,"NIST SP 800-53 Rev.5 CP-2, ISO 27002:2022 5.31, Canada Health Infoway Req. 30",Media,"Define expectativas claras de continuidad para cada componente esencial, mejorando la planificación y control del riesgo.",Documentación de RTO y RPO + evidencia de simulacros de recuperación.,Requiere SIR-061 implementado.,"Business Continuity Metrics, Availability","Servicio de laboratorio con RTO = 2h, RPO = 30 min probado mediante simulacro semestral.",2025-04-13T11:59:32.633323+00:00,,,1.43,[]
65,SIR-063,El sistema debe monitorear continuamente la disponibilidad de la infraestructura crítica y enviar alertas automáticas ante eventos anómalos.,"NIST SP 800-53 Rev.5 IR-5, ISO 27002:2022 5.22, DISA STIG APP3540",Alta,Permite detectar y reaccionar rápidamente ante incidentes que comprometan la operación clínica.,"Revisión de la plataforma de monitoreo, simulación de alerta y verificación de notificación.",Complementa SIR-012 y SIR-054.,"Infrastructure Monitoring, Fault Detection",Sistema Prometheus + Grafana con alertas vía Slack o Telegram a responsables de soporte 24/7.,2025-04-13T11:59:32.633323+00:00,,,2.44,[]
66,SIR-064,"El sistema debe garantizar la trazabilidad completa de todas las modificaciones realizadas sobre registros clínicos, incluyendo quién, cuándo y qué se modificó.","ISO 27799:2016 8.3, NIST AU-3, HIPAA §164.312(b)",Alta,"Permite auditoría clínica, análisis forense y control de calidad en registros de salud electrónicos (ePHI).",Verificación del log de auditoría detallado en los cambios sobre historias clínicas.,Relacionado con SIR-006 (auditoría) y SIR-012 (monitorización de accesos).,"Auditability, Data Governance","El sistema registra automáticamente que el Dr. López modificó el diagnóstico de un paciente el 10/04/2025 a las 16:45h, con detalle del campo alterado.",2025-04-13T17:05:39.256126+00:00,,,15.31,[]
67,SIR-065,El sistema debe aplicar controles automáticos de integridad que validen que los datos clínicos almacenados no han sido alterados de forma no autorizada.,"ISO 27002:2022 8.16, NIST SI-7(1), HIPAA §164.312(c)(1)",Alta,"Preserva la confiabilidad médica de los datos clínicos frente a errores, corrupción o ataques.","Verificación de uso de checksums, firmas digitales o registros hash sobre la ePHI.",Requiere mecanismos criptográficos definidos en SIR-016.,"Integrity Monitoring, Data Protection","Al guardar un resultado de laboratorio, el sistema genera automáticamente un hash y lo comprueba al recuperar el dato para detectar alteraciones.",2025-04-13T17:05:39.256126+00:00,,,22.75,[]
68,SIR-066,"Debe establecerse un modelo de gobierno de datos que defina responsables, procesos de validación y control de calidad sobre la información clínica.","ISO 27799:2016 7.3, ISO 27002:2022 5.9, NIST PM-1",Media,"Establece roles claros y controles sobre el ciclo de vida de los datos clínicos, promoviendo consistencia y confiabilidad.",Revisión de la política de gobierno de datos y existencia de comité o responsables asignados.,Complementa SIR-001 y SIR-064.,"Data Stewardship, Governance Framework",El Comité de Gobernanza de Datos valida mensualmente los indicadores de completitud y duplicados en los datos de pacientes.,2025-04-13T17:05:39.256126+00:00,,,6.84,[]
69,SIR-067,Los datos clínicos deben estar sujetos a reglas de validación semántica y estructural antes de su persistencia.,"ISO 27799:2016 7.5, NIST SI-10, OWASP A08:2021",Alta,"Evita que se almacenen registros con incoherencias clínicas, errores de formato o duplicidades.",Revisión de validadores automáticos implementados y testing con datos erróneos.,Complementa requisitos de desarrollo seguro (SIR-028).,"Data Validation, Clinical Integrity",El sistema impide guardar una prescripción con dosis negativa o edad inconsistente con la fecha de nacimiento registrada.,2025-04-13T17:05:39.256126+00:00,,,28.84,[]
70,SIR-068,"El sistema debe conservar los registros clínicos íntegros, completos y accesibles durante el tiempo legalmente establecido según la jurisdicción aplicable.","HIPAA §164.316(b)(2)(i), ISO 27799:2016 8.3.5, ISO 27002:2022 5.27",Alta,"Asegura la disponibilidad legal, clínica y operativa de los datos de pacientes ante auditorías o tratamientos futuros.",Validación de políticas de retención y configuración de almacenamiento con acceso controlado y resiliencia.,Relacionado con SIR-007 (backups) y SIR-055 (retención de logs).,"Data Retention, Legal Compliance","El sistema conserva durante 10 años los historiales clínicos completos, accesibles bajo autenticación robusta y con mecanismos de archivo WORM.",2025-04-13T17:05:39.256126+00:00,,,0.42,[]
71,SIR-069,El sistema debe contar con soluciones antimalware actualizadas en todos los servidores y estaciones de trabajo que acceden a OpenEMR.,"ISO 27002:2022 8.7, NIST SI-3, HIPAA §164.308(a)(5)(ii)(B)",Alta,"Previene la infección por software malicioso que pueda comprometer la ePHI, afectar la disponibilidad del sistema o propagar ransomware.","Inspección de agentes antimalware instalados, políticas de actualización automática y reportes de eventos.",Requiere políticas de protección de endpoint (SIR-050).,"Malware Protection, Endpoint Defense",Uso de Microsoft Defender for Endpoint o Sophos Intercept X en servidores de OpenEMR con alertas centralizadas.,2025-04-13T17:06:26.778817+00:00,,,34.26,[]
72,SIR-070,Debe implementarse un sistema de detección de intrusos (IDS) para monitorear tráfico y alertar sobre patrones maliciosos o no autorizados.,"NIST SI-4, ISO 27002:2022 5.22, DISA STIG APP3540",Alta,"Permite detectar ataques automatizados, escaneos y explotación de vulnerabilidades de forma proactiva.","Verificación de sensores IDS activos, reglas de detección y pruebas de escaneo controlado.",Relacionado con SIR-012 (monitoreo) y SIR-057 (correlación en SIEM).,"Intrusion Detection, Network Monitoring",Snort o Suricata desplegados en la capa de red con envío de eventos a un sistema SIEM.,2025-04-13T17:06:26.778817+00:00,,,0.42,[]
73,SIR-071,Los servidores deben contar con capacidades EDR (Endpoint Detection and Response) que permitan análisis de comportamiento y contención automática de amenazas.,"NIST SP 800-94, ISO 27002:2022 8.7.4",Alta,Aumenta la capacidad de respuesta ante amenazas avanzadas que evaden los controles tradicionales.,Verificación de solución EDR desplegada y pruebas de simulación de actividad sospechosa.,Complementa SIR-069.,"EDR, Behavioral Analysis",CrowdStrike detecta ejecución de script inusual en servidor PHP y aísla automáticamente el endpoint.,2025-04-13T17:06:26.778817+00:00,,,24.78,[]
74,SIR-072,"El sistema debe bloquear automáticamente direcciones IP que generen patrones de ataque automatizado como escaneos, fuerza bruta o consultas malformadas.","OWASP A07:2021, NIST AC-7, ISO 27002:2022 5.17.6",Alta,Reduce el riesgo de intrusión por automatismos y herramientas de ataque de bajo costo.,Revisión de políticas de bloqueo (firewall o WAF) y pruebas de escaneo simuladas.,Relacionado con SIR-042 (intentos fallidos de acceso).,"Brute Force Protection, Automated Threats",Fail2ban bloquea una IP tras 5 intentos fallidos de autenticación en el frontend de OpenEMR.,2025-04-13T17:06:26.778817+00:00,,,8.88,[]
75,SIR-073,Los archivos adjuntos y cargas de datos en OpenEMR deben ser escaneados por antivirus antes de almacenarse o procesarse.,"ISO 27002:2022 8.7.2, HIPAA §164.308(a)(5)(ii)(B)",Media,Evita la introducción de malware a través de documentos adjuntos o ficheros subidos por usuarios internos o externos.,"Revisión de configuración de escaneo en gateway o backend, y pruebas con archivos de prueba como EICAR.",Relacionado con SIR-069.,"Malicious File Upload, Content Inspection",OpenEMR envía los archivos PDF adjuntos por médicos a un antivirus ClamAV antes de almacenarlos en el sistema.,2025-04-13T17:06:26.778817+00:00,,,35.27,[]
76,SIR-074,"Se debe mantener un Software Bill of Materials (SBOM) actualizado con todas las bibliotecas, dependencias y componentes de terceros utilizados en OpenEMR.","NIST SP 800-218, ISO 27002:2022 5.20, Executive Order 14028 (EEUU)",Alta,"Permite identificar rápidamente componentes afectados por vulnerabilidades conocidas (p. ej., CVEs), mejorando la gestión del riesgo.",Generación automatizada de SBOM con herramientas como Syft o CycloneDX + validación en repositorio CI/CD.,Relacionado con SIR-028 (ciclo de desarrollo seguro).,"Software Supply Chain, Component Inventory",Integración de generación SBOM con Syft en cada build de contenedor Docker que incluya PHP/MySQL/JS de OpenEMR.,2025-04-14T10:43:58.386954+00:00,,,15.31,[]
77,SIR-075,"Todos los paquetes, bibliotecas y artefactos de terceros utilizados deben verificarse mediante firma digital antes de su incorporación al entorno productivo.","NIST SP 800-218 §5.2, ISO 27002:2022 8.8.4",Alta,Previene ataques por inyección de código malicioso en dependencias (ej. supply chain attacks como SolarWinds o log4j).,Revisión automatizada de firma o hash SHA-256 en pipeline CI/CD antes de permitir despliegue.,Complementa SIR-074 y SIR-028.,"Package Verification, Supply Chain Integrity",Rechazo automático de paquetes sin firma GPG válida al momento del build en GitLab CI.,2025-04-14T10:43:58.386954+00:00,,,-0.61,[]
78,SIR-076,Se debe contar con un proceso automatizado de detección de vulnerabilidades en dependencias de software de terceros utilizadas por OpenEMR.,"OWASP A06:2021, NIST SP 800-40 Rev.3, ISO 27002:2022 8.9.2",Alta,Reduce la exposición a vulnerabilidades conocidas mediante escaneo proactivo en bibliotecas integradas.,"Uso de escáneres SCA (Software Composition Analysis) como Snyk, Grype o Trivy con reportes periódicos.",Relacionado con SIR-074 y SIR-005.,"Vulnerability Scanning, Component Risk Management","Trivy escanea cada imagen Docker y alerta sobre CVEs activos en las librerías del backend OpenEMR (p. ej., phpMyAdmin, Slim).",2025-04-14T10:43:58.386954+00:00,,,8.88,[]
90,SIR-079,El acceso físico a las salas de servidores o centros de datos donde se almacena o procesa ePHI debe estar restringido mediante controles de acceso físico robustos.,"ISO 27002:2022 7.4, HIPAA §164.310(a)(1), NIST PE-3",Alta,Evita el acceso no autorizado a los sistemas físicos que contienen datos sensibles o respaldos críticos.,"Inspección de registros de control de acceso físico, validación de mecanismos biométricos, tarjetas, cerraduras electrónicas.",Relacionado con SIR-002 (control lógico de acceso) y SIR-010 (backups físicos).,"Physical Access Control, Environmental Security","Acceso al cuarto de servidores mediante tarjeta RFID y validación biométrica, con registro de cada ingreso y salida.",2025-04-14T11:36:05.929881+00:00,,,27.15,[]
79,SIR-077,Todo software de terceros embebido debe tener una evaluación de seguridad previa antes de ser aprobado para su uso en el entorno clínico.,"ISO 27002:2022 5.19, NIST SA-12, Canada Health Infoway Req. 38",Media,Garantiza que los componentes externos cumplen los requisitos de seguridad y no introducen riesgos ocultos.,"Checklist de revisión de software de terceros, revisión de licencias y resultado de análisis de vulnerabilidades.",Complementa procesos de adquisición definidos en SIR-034.,"Third-Party Risk Management, Procurement Control","Antes de integrar una nueva librería de facturación, se realiza un análisis estático con SonarQube y revisión de licencia GPL.",2025-04-14T10:43:58.386954+00:00,,,39.67,[]
80,SIR-078,"El sistema debe registrar todos los componentes de software externos en un inventario centralizado con metadatos de versión, autor y licencia.","ISO 27002:2022 5.20.3, NIST CM-8, SPDX Specification v2.3",Media,"Facilita la trazabilidad, auditoría de licencias y respuesta ante incidentes en la cadena de suministro.",Revisión del inventario de componentes y validación cruzada con el SBOM generado.,Relacionado con SIR-074.,"Component Inventory, License Compliance","Cada módulo importado se registra en un repositorio Git central con su SPDX, versión y condiciones de licencia.",2025-04-14T10:43:58.386954+00:00,,,24.78,[]
91,SIR-080,"Los equipos que contienen ePHI deben estar protegidos contra daños físicos por agua, fuego, humedad o sobrecalentamiento.","ISO 27002:2022 7.9, ISO 27799:2016 8.3.3, NIST PE-10",Alta,Minimiza el riesgo de pérdida de disponibilidad o integridad debido a fallos ambientales.,"Revisión de infraestructura con sensores de temperatura, humedad, humo e instalación de UPS o detectores.",Complementa requisitos de continuidad (SIR-062).,"Environmental Protection, Infrastructure Safeguards","Uso de sensores IoT para monitoreo de humedad y temperatura, junto a extintores automáticos y alimentación eléctrica redundante.",2025-04-14T11:36:05.929881+00:00,,,37.3,[]
92,SIR-081,"Debe mantenerse una política de zonas seguras con delimitación de áreas restringidas para equipos, redes y almacenamiento de respaldos.","ISO 27002:2022 7.5, NIST PE-5, HIPAA §164.310(a)(2)(iii)",Media,Reduce la exposición innecesaria de infraestructura crítica y facilita auditoría física.,"Planos de zonas seguras, registro de autorización y cartelería física en áreas restringidas.",Relacionado con SIR-079 y SIR-010.,"Secure Areas, Physical Zoning",Delimitación de zona de respaldo físico y zona de comunicaciones con acceso solo al personal autorizado y cámaras de vigilancia.,2025-04-14T11:36:05.929881+00:00,,,35.27,[]
93,SIR-082,"Todo acceso físico debe registrarse, conservarse al menos por 1 año y estar disponible para auditoría en caso de incidentes.","ISO 27002:2022 7.4.3, NIST PE-6, Canada Health Infoway Req. 23",Media,"Permite detectar accesos no autorizados, investigar incidentes y validar cumplimiento normativo.","Revisión de bitácoras físicas o electrónicas de acceso (logs, cámaras, tarjetas).",Complementa SIR-079 y SIR-055.,"Physical Audit Trails, Access Logging",Registro electrónico de entradas al centro de datos almacenado en sistema SIEM por 18 meses.,2025-04-14T11:36:05.929881+00:00,,,34.26,[]
94,SIR-083,El sistema debe contar con políticas de ubicación segura y disposición controlada de dispositivos obsoletos que contengan ePHI.,"ISO 27002:2022 8.10.5, HIPAA §164.310(d)(2)(i)",Alta,"Evita exposición de datos clínicos al retirar o desechar discos duros, medios de respaldo o terminales descontinuadas.",Revisión del procedimiento de baja de activos y evidencia de destrucción certificada o borrado seguro (wipe).,Complementa SIR-036 y SIR-037.,"Asset Disposal, Data Remanence Protection","Retiro de discos antiguos mediante protocolo de destrucción física con proveedor certificado, incluyendo número de serie y certificado.",2025-04-14T11:36:05.929881+00:00,,,19.37,[]
96,SIR-084,"Toda API expuesta por OpenEMR debe requerir autenticación robusta basada en tokens seguros (OAuth 2.0, OpenID Connect) antes de permitir cualquier acceso.","OWASP API1:2023, NIST AC-17, ISO 27002:2022 8.3.1",Alta,Previene el acceso anónimo o no autorizado a servicios críticos y datos ePHI.,Pruebas de acceso a endpoints sin token y validación de flujo de autorización OAuth2.,Relacionado con SIR-002 (autenticación) y SIR-040 (sesiones).,Authentication and Authorization for APIs,Un cliente FHIR debe obtener previamente un token OAuth2 válido antes de invocar /Patient o /Observation.,2025-04-25T17:29:47.247064+00:00,,,26.47,[]
97,SIR-085,Los tokens de acceso a APIs deben ser de corta duración (máximo 1 hora) y renovables mediante mecanismos seguros de refresh tokens.,"OWASP API2:2023, NIST SP 800-63B",Alta,Minimiza el riesgo en caso de robo o filtración de tokens de acceso.,Verificación de tiempos de expiración y rotación de tokens en la configuración del servidor de autorización.,Complementa SIR-084.,"Token Management, API Session Security",El token JWT emitido por el Authorization Server expira en 45 minutos y requiere refresh token para extender la sesión.,2025-04-25T17:29:47.404522+00:00,,,32.22,[]
98,SIR-086,Todas las comunicaciones entre clientes y APIs deben estar protegidas mediante HTTPS (TLS 1.2 o superior) obligatoriamente.,"ISO 27002:2022 8.4.1, HIPAA §164.312(e)(1), NIST SC-12",Alta,Protege la confidencialidad e integridad de los datos clínicos transmitidos.,Análisis de tráfico de red y prueba de rechazo de conexiones HTTP no seguras.,Relacionado con SIR-016 (cifrado en tránsito).,"Transport Security, Secure Communications",Todo endpoint de API REST de OpenEMR responde con error 403 si la conexión no es HTTPS.,2025-04-25T17:29:47.497063+00:00,,,12.09,[]
99,SIR-087,"Cada endpoint de API debe validar estrictamente el formato, tipo y tamaño de todos los parámetros de entrada para prevenir inyecciones o corrupción de datos.","OWASP API8:2023, NIST SI-10, ISO 27002:2022 8.12",Alta,"Previene vulnerabilidades como SQL Injection, Command Injection y corrupción de datos clínicos.","Revisión de esquemas de validación (JSON Schema, XML Schema) y fuzz testing.",Relacionado con SIR-028 (input validation general).,"Input Validation, API Security",El endpoint /Patient no permite enviar IDs fuera del patrón regex especificado y rechaza campos inesperados.,2025-04-25T17:29:47.647775+00:00,,,20.72,[]
100,SIR-088,Debe implementarse un control de límite de tasa (Rate Limiting) por cliente API para evitar abusos y ataques de denegación de servicio (DoS).,"OWASP API4:2023, NIST SC-5, ISO 27002:2022 8.4.2",Alta,"Mitiga ataques de fuerza bruta, scraping masivo y abuso de recursos.",Pruebas de envío masivo de peticiones (> umbral) y verificación de respuestas 429 Too Many Requests.,Complementa SIR-057 (SIEM correlación de anomalías).,"Rate Limiting, API Resource Protection",Se configura un límite de 100 solicitudes/minuto por IP para la API de citas médicas de OpenEMR.,2025-04-25T17:29:47.766944+00:00,,,48.13,[]
101,SIR-089,Debe existir un mecanismo de escaneo y auditoría automática de vulnerabilidades en las APIs expuestas de OpenEMR.,"OWASP API6:2023, NIST RA-5, ISO 27002:2022 8.8.5",Alta,Permite detectar nuevas vulnerabilidades en interfaces de programación de forma proactiva.,"Integración de escáneres de API security (p.ej., OWASP ZAP, Burp Suite Enterprise) en el pipeline CI/CD.",Complementa procesos de análisis de vulnerabilidades SIR-005.,"API Vulnerability Management, Threat Detection","Cada nuevo despliegue de OpenEMR ejecuta automáticamente un escaneo de seguridad sobre los endpoints /Patient, /Encounter, etc.",2025-04-25T17:29:47.916101+00:00,,,11.92,[]
102,SIR-090,Todos los datos clínicos (ePHI) almacenados en servicios en la nube deben cifrarse en reposo mediante claves gestionadas por el cliente (CMEK o BYOK).,"ISO 27002:2022 8.10, NIST SC-12, HIPAA §164.312(a)(2)(iv)",Alta,Protege la confidencialidad de datos en reposo ante accesos no autorizados o errores de configuración en almacenamiento cloud.,"Verificación de configuración de cifrado en S3, RDS y EBS con KMS y claves propias.",Relacionado con SIR-016 (cifrado) y SIR-061 (backups cloud).,"Cloud Data Protection, Encryption at Rest",Bucket S3 que contiene archivos PDF clínicos tiene habilitado cifrado AES-256 con clave KMS administrada por la organización.,2025-04-25T17:38:06.796886+00:00,,,55.58,[]
103,SIR-091,Los buckets de almacenamiento (S3) no deben estar expuestos públicamente y deben tener políticas de acceso mínimo necesarias (least privilege).,"CIS AWS Benchmark 2.1, ISO 27002:2022 5.18, NIST AC-6",Alta,Previene fugas de datos clínicas debido a errores comunes de configuración en objetos en la nube.,"Revisión de políticas de bucket y uso de herramientas como AWS Config, Prowler o ScoutSuite.",Relacionado con SIR-001 (RBAC) y SIR-090 (cifrado).,"Cloud Storage Access Control, Least Privilege",El bucket con datos de laboratorio tiene una política que solo permite lectura desde instancias EC2 autenticadas por IAM Role clínico.,2025-04-25T17:38:06.796886+00:00,,,25.8,[]
104,SIR-092,El acceso a la consola de gestión cloud debe estar protegido mediante autenticación multifactor obligatoria (MFA) para todas las cuentas administrativas.,"NIST IA-2(1), ISO 27002:2022 5.17, CIS AWS Benchmark 1.1",Alta,"Evita el acceso no autorizado a la administración de recursos críticos en la nube, incluso en caso de fuga de credenciales.",Revisión de políticas IAM y configuración de MFA para root y usuarios con privilegios elevados.,Relacionado con SIR-002 (autenticación).,"Cloud Console Security, MFA Enforcement",La cuenta de administración AWS requiere autenticación con Yubikey o aplicación OTP para ingresar al panel de control.,2025-04-25T17:38:06.796886+00:00,,,-9.07,[]
105,SIR-093,"Los recursos en la nube deben utilizar roles IAM específicos para cada función, evitando credenciales estáticas en código o contenedores.","NIST AC-6(10), ISO 27002:2022 5.18, OWASP Cloud-Native Top 10 A05",Alta,"Reduce el riesgo de uso indebido de credenciales embebidas, minimiza superficie de ataque y fortalece trazabilidad.","Revisión de código fuente, pipelines y configuración de IAM roles por servicio.",Complementa SIR-001 (RBAC) y SIR-025 (seguridad en CI/CD).,"IAM Roles, Cloud Identity Segregation","Un pod de Kubernetes utiliza ServiceAccount con IAM Role asociado que permite acceso temporal a DynamoDB, sin claves embebidas.",2025-04-25T17:38:06.796886+00:00,,,25.8,[]
106,SIR-094,"Todo tráfico entre componentes desplegados en la nube debe ser cifrado en tránsito utilizando TLS 1.2 o superior, incluyendo tráfico interno entre zonas o regiones.","ISO 27002:2022 8.4, NIST SC-12, HIPAA §164.312(e)(1)",Alta,"Evita el espionaje de datos clínicos en tránsito, incluso dentro de entornos virtualizados que pueden ser compartidos.","Inspección de configuración de Load Balancer, certificados TLS, y política de comunicación VPC-to-VPC.",Relacionado con SIR-086 (TLS general).,"Cloud Network Encryption, Internal Traffic Protection",El balanceador de carga TLS ofusca el tráfico entre dos zonas de OpenEMR desplegadas en regiones distintas de AWS.,2025-04-25T17:38:06.796886+00:00,,,24.95,[]
107,SIR-095,Debe activarse el logging centralizado de auditoría en servicios cloud (ej. AWS CloudTrail) y enviarse a un repositorio inmutable o sistema SIEM externo.,"NIST AU-2, ISO 27002:2022 5.22, DISA STIG Cloud Logging",Alta,"Permite detectar, rastrear y responder ante actividades sospechosas o violaciones en recursos cloud.","Revisión de configuración de CloudTrail, validación de envío a bucket S3 WORM o integración con SIEM.",Relacionado con SIR-054 (auditoría).,"Cloud Logging, Auditability, SIEM Integration",Todas las acciones IAM y acceso a datos en AWS se registran en CloudTrail y se almacenan 12 meses con retención legal.,2025-04-25T17:38:06.796886+00:00,,,42.88,[]
108,SIR-096,Las imágenes de contenedor utilizadas deben provenir de repositorios de confianza y ser escaneadas automáticamente contra vulnerabilidades conocidas antes de su despliegue.,"NIST SP 800-190 Control 2.1, CIS Docker Benchmark 5.1",Alta,Previene el uso de imágenes contaminadas o comprometidas que puedan introducir vulnerabilidades en producción.,"Integración de escaneo de imágenes (Trivy, Clair, Anchore) en pipelines CI/CD.",Relacionado con SIR-076 (análisis de terceros) y SIR-005 (gestión de vulnerabilidades).,"Container Image Security, Supply Chain Integrity",OpenEMR utiliza imágenes oficiales de PHP y MySQL validadas con Trivy antes de cada build en producción.,2025-04-25T17:50:17.787221+00:00,,,6.84,[]
109,SIR-097,Se deben minimizar los privilegios de contenedores evitando el uso de contenedores privilegiados ('privileged: true') y ejecutando como usuarios no root.,"CIS Docker Benchmark 5.28, NIST SP 800-190 Control 3.1",Alta,Minimiza el impacto de compromisos permitiendo defensa en profundidad y evitando escaladas de privilegios.,"Revisión de Dockerfiles y manifiestos de Kubernetes (PodSecurity Standards, PSPs o OPA policies).",Relacionado con SIR-093 (IAM Roles).,"Container Runtime Security, Principle of Least Privilege",Los pods de OpenEMR en Kubernetes ejecutan procesos como usuarios UID >10000 y sin capacidades de escalado de privilegios.,2025-04-25T17:50:17.787221+00:00,,,16.32,[]
110,SIR-098,"Todo acceso a la API Server de Kubernetes debe estar autenticado y autorizado estrictamente, registrando todas las operaciones en logs de auditoría.","DISA Kubernetes STIG K8S-1, NIST AC-17, ISO 27002:2022 5.16",Alta,"Controla el acceso administrativo sobre clústeres, evitando accesos no autorizados o acciones maliciosas.","Revisión de configuración RBAC, habilitación de Audit Logs, uso de cert-manager o políticas OIDC.","Relacionado con SIR-002 (identidad), SIR-054 (auditoría).","Kubernetes API Access Control, Audit Logging",El API Server de Kubernetes OpenEMR utiliza OIDC federado con el proveedor corporativo de identidad y tiene RBAC estricto por namespace.,2025-04-25T17:50:17.787221+00:00,,,-10.08,[]
111,SIR-099,Las políticas de red (Network Policies) deben ser aplicadas para restringir la comunicación entre pods solamente a lo necesario para el funcionamiento del sistema.,"NIST SP 800-190 Control 5.2, CIS Kubernetes Benchmark 5.2",Alta,Reduce la superficie de ataque lateral dentro del clúster en caso de compromiso de un pod.,Inspección de políticas de red aplicadas en namespaces y pruebas de conectividad entre pods no permitidos.,Relacionado con SIR-094 (protección tráfico interno).,"Pod Network Segmentation, East-West Traffic Control",Solo los pods de frontend OpenEMR pueden comunicarse hacia los pods de backend sobre puerto 3306/TCP.,2025-04-25T17:50:17.787221+00:00,,,30.2,[]
112,SIR-100,"Se debe habilitar y configurar correctamente mecanismos de aislamiento de namespaces, runtime security y controladores de admisión (Admission Controllers) en Kubernetes.","DISA Kubernetes STIG K8S-3, NIST SP 800-190 Control 6.2",Alta,"Previene ejecuciones no autorizadas, refuerza control de despliegue y mejora seguridad de clúster general.","Revisión de controladores habilitados (p.ej., PodSecurityAdmission, OPA/Gatekeeper), pruebas de políticas de admisión.",Relacionado con SIR-028 (ciclo de desarrollo seguro).,"Kubernetes Admission Control, Cluster Hardening",OpenEMR en Kubernetes utiliza Gatekeeper para aplicar políticas que bloquean despliegues con imágenes sin firmas válidas.,2025-04-25T17:50:17.787221+00:00,,,-9.07,[]
113,SIR-101,"Se deben realizar copias de seguridad completas, automáticas y frecuentes de toda la ePHI, y estas deben almacenarse en medios inmutables (WORM) o con protección contra sobrescritura.","NIST SP 1800-25, ISO 27002:2022 8.13, HIPAA §164.308(a)(7)",Alta,Permite recuperar datos íntegros ante ataques de cifrado malicioso que comprometan los datos en producción.,Verificación de políticas de backup + evidencia técnica de WORM activado en almacenamiento de respaldo.,Relacionado con SIR-010 (backups generales) y SIR-061 (replicación).,"Backup Protection, Ransomware Resilience",Backups automáticos diarios en S3 Glacier con políticas de retención inmutable de 30 días.,2025-04-25T17:52:52.356814+00:00,,,27.15,[]
114,SIR-102,Los entornos de respaldo y almacenamiento de copias deben estar segmentados de la red principal de producción para evitar propagación lateral de malware.,"NIST SC-7(8), ISO 27002:2022 8.9.5",Alta,Evita que el ransomware cifre simultáneamente el entorno de producción y sus respaldos conectados.,"Inspección de reglas de firewall, segmentación de red y rutas de acceso entre zonas.",Relacionado con SIR-099 (segmentación de red).,"Network Isolation, Backup Segmentation",Los servidores de respaldo están en una subred VPC separada sin conectividad de entrada desde instancias de frontend OpenEMR.,2025-04-25T17:52:52.356814+00:00,,,22.75,[]
115,SIR-103,"Debe implementarse una solución de protección contra ransomware en endpoints, servidores y cargas cloud con detección basada en comportamiento (EDR).","NIST SI-4(1), ISO 27002:2022 8.7.4",Alta,Detecta y bloquea patrones de cifrado masivo o acceso sospechoso a múltiples archivos clínicos.,"Simulación de patrones de ransomware y análisis de respuesta automática (alertas, aislamiento de proceso).",Relacionado con SIR-071 (EDR general).,"Endpoint Defense, Ransomware Detection",CrowdStrike detecta múltiples renombrados de archivos .csv por parte de un proceso y detiene automáticamente su ejecución.,2025-04-25T17:52:52.356814+00:00,,,25.8,[]
116,SIR-104,Debe configurarse una política de listas blancas de ejecución que limite los binarios y scripts permitidos en entornos clínicos sensibles.,"NIST SI-7(7), DISA STIG APP3530",Alta,Reduce la posibilidad de que código malicioso o no autorizado pueda ejecutarse dentro del sistema.,"Revisión de configuración de AppLocker, SELinux o mecanismos equivalentes en servidores OpenEMR.",Relacionado con SIR-069 (antimalware) y SIR-097 (privilegios mínimos en contenedores).,"Application Whitelisting, Execution Control","El servidor de OpenEMR sólo permite ejecución de binarios en /usr/bin validados, bloqueando scripts desconocidos automáticamente.",2025-04-25T17:52:52.356814+00:00,,,17.34,[]
117,SIR-105,"El sistema debe enviar alertas en tiempo real al detectar patrones compatibles con ataques de ransomware, como aumento anómalo de escrituras o cambios masivos en archivos.","NIST IR-5, ISO 27002:2022 5.22, OWASP A09:2021",Alta,Permite una respuesta inmediata y reduce el alcance del cifrado automático.,Simulación de actividad ransomware-like y verificación de alerta generada en el SIEM o sistema de detección.,Relacionado con SIR-057 (detección de anomalías).,"SIEM Correlation, Anomaly Detection",SIEM detecta que un proceso ha accedido a 10.000 archivos en 5 minutos y envía alerta crítica al equipo de ciberseguridad.,2025-04-25T17:52:52.356814+00:00,,,28.17,[]
118,SIR-106,"El sistema debe limitar el número de cuentas con privilegios administrativos y definir roles separados para gestión, auditoría y operación clínica.","ISO 27002:2022 5.18, NIST AC-6, HIPAA §164.312(a)",Alta,Reduce el riesgo de abuso de privilegios o errores administrativos al aplicar el principio de mínimo privilegio.,Revisión de roles en el sistema de gestión de usuarios e inspección de uso de cuentas admin.,Relacionado con SIR-001 (RBAC general).,"Privileged Access Control, Role Separation",El sistema separa el rol de 'Administrador del sistema' del 'Auditor clínico' y 'Usuario médico'.,2025-04-29T13:56:46.933925+00:00,,,24.78,[]
119,SIR-107,"Todo uso de cuentas con privilegios elevados debe ser registrado con auditoría detallada, incluyendo hora, acciones realizadas y motivo del acceso.","NIST AU-2, ISO 27002:2022 5.22, HIPAA §164.312(b)",Alta,"Permite trazabilidad total sobre cambios críticos, facilitando la detección de accesos indebidos o acciones peligrosas.",Análisis de logs de eventos privilegiados y correlación con justificaciones/documentación de acceso.,Complementa SIR-054 (auditoría general).,"Privileged Session Auditing, Accountability",El acceso a la base de datos por un administrador para restaurar registros clínicos queda registrado con detalle del cambio y motivo clínico.,2025-04-29T13:56:46.933925+00:00,,,-0.61,[]
120,SIR-108,"El sistema debe permitir el uso de cuentas de emergencia ('break-glass') con acceso temporal y controlado, activadas solo bajo condiciones clínicas críticas.","HIPAA §164.312(a)(1), NIST AC-2(5), ISO 27002:2022 5.17.7",Alta,Permite garantizar la atención médica urgente sin comprometer las políticas estándar de acceso y seguridad.,Verificación de existencia de usuarios break-glass + logs de activación + evidencia de control posterior.,Relacionado con SIR-040 (sesiones) y SIR-002 (autenticación).,"Emergency Access Management, Clinical Override","Ante un fallo de red o sistema SSO, se permite acceso con una cuenta de emergencia a través de MFA + log firmado del evento.",2025-04-29T13:56:46.933925+00:00,,,15.31,[]
121,SIR-109,"Debe realizarse una revisión periódica (al menos trimestral) de las cuentas con privilegios administrativos para validar su necesidad, uso y vigencia.","NIST AC-2(3), ISO 27002:2022 5.20.3",Media,Evita la acumulación de cuentas elevadas innecesarias y permite revocar accesos obsoletos.,Informe de revisión de cuentas privilegiadas firmado por el responsable de seguridad.,Complementa SIR-106.,"Access Review, Privilege Governance",La cuenta admin otorgada a un proveedor temporal fue desactivada tras revisión trimestral al comprobar su inactividad por 45 días.,2025-04-29T13:56:46.933925+00:00,,,16.32,[]
122,SIR-110,Las credenciales de cuentas privilegiadas deben almacenarse y rotarse de forma automática mediante soluciones de gestión segura (Password Vaults).,"NIST IA-5, ISO 27002:2022 8.3.5",Alta,Evita filtraciones o reutilización indebida de credenciales sensibles en entornos clínicos críticos.,"Inspección de uso de herramientas como HashiCorp Vault, CyberArk o AWS Secrets Manager.",Relacionado con SIR-002 (credenciales).,"Credential Management, Secret Rotation",Las contraseñas root de bases de datos clínicas se almacenan cifradas en CyberArk con rotación semanal automática.,2025-04-29T13:56:46.933925+00:00,,,18.35,[]
123,SIR-111,El sistema debe garantizar que todo correo que contenga ePHI se transmita exclusivamente mediante canales cifrados (TLS 1.2 o superior).,"HIPAA §164.312(e)(1), ISO 27002:2022 8.4.1, NIST SP 800-52",Alta,Protege la confidencialidad de información clínica enviada por correo electrónico durante la transmisión.,"Análisis de configuración SMTP, uso de STARTTLS obligatorio y pruebas con herramientas como checktls.com.",Relacionado con SIR-086 (cifrado en tránsito general).,"Email Encryption, Transport Security",Los informes de laboratorio enviados desde OpenEMR se transmiten vía SMTP seguro con STARTTLS activado y certificado válido.,2025-04-29T13:59:13.793386+00:00,,,35.95,[]
124,SIR-112,"Todo correo clínico debe estar protegido mediante mecanismos de autenticación de servidor como SPF, DKIM y políticas DMARC para prevenir spoofing.","NIST SP 800-45, ISO 27002:2022 8.11.4, CIS Controls v8 9.4",Alta,Evita el uso fraudulento de dominios clínicos para phishing o suplantación de identidad institucional.,"Validación de registros DNS de SPF, DKIM y DMARC para los dominios de envío configurados.",Complementa SIR-111.,"Email Authentication, Anti-Spoofing",El dominio @openemrclinic.org tiene registros SPF/DKIM/DMARC activos y reportes de validación configurados.,2025-04-29T13:59:13.793386+00:00,,,16.32,[]
125,SIR-113,El sistema debe permitir la detección y filtrado automático de correos con archivos adjuntos maliciosos o enlaces sospechosos.,"ISO 27002:2022 8.7.3, NIST SI-3, HIPAA §164.308(a)(5)(ii)(B)",Alta,"Evita infecciones por malware, ransomware y accesos maliciosos a través del canal de correo.",Pruebas con EICAR y enlaces simulados de phishing; revisión de filtros de gateway SMTP o solución MTA.,Relacionado con SIR-069 (antimalware).,"Email Threat Protection, Content Filtering",El gateway SMTP escanea los archivos adjuntos y bloquea cualquier ejecutable no firmado o archivo .js sospechoso.,2025-04-29T13:59:13.793386+00:00,,,27.83,[]
126,SIR-114,Se debe proporcionar una alternativa segura para el intercambio de ePHI por correo mediante portales web con autenticación o cifrado punto a punto.,"HIPAA §164.312(e)(1), ISO 27002:2022 8.4.4",Media,Evita exponer información médica sensible incluso si el destinatario no soporta cifrado.,Revisión del sistema de mensajería segura o portales con acceso autenticado para pacientes o proveedores.,Relacionado con SIR-041 (privacidad del paciente).,"Secure Messaging, Patient Communication",OpenEMR genera un enlace único a un portal cifrado donde el paciente puede descargar su informe después de autenticarse.,2025-04-29T13:59:13.793386+00:00,,,14.29,[]
127,SIR-115,Los logs de envío y recepción de correos clínicos relevantes deben ser auditables y conservarse durante al menos 6 meses.,"NIST AU-11, ISO 27002:2022 5.22, HIPAA §164.312(b)",Media,"Permite rastrear incidentes, demostrar cumplimiento y responder ante incidentes de filtración o acceso indebido.","Revisión de registros SMTP o SIEM con logs de ID de mensaje, destinatario y timestamp.",Relacionado con SIR-054 (logging).,Email Logging and Auditability,"Cada mensaje enviado por el sistema genera un registro con asunto, destinatario y estado de entrega almacenado por 180 días.",2025-04-29T13:59:13.793386+00:00,,,42.72,[]
128,SIR-116,Las bases de datos que almacenen ePHI deben estar cifradas en reposo utilizando mecanismos de cifrado robustos (AES-256 o superior).,"HIPAA §164.312(a)(2)(iv), ISO 27002:2022 8.10, NIST SC-12",Alta,Previene el acceso no autorizado a los datos clínicos incluso si se compromete el almacenamiento físico o virtual.,"Inspección de configuración de cifrado en MySQL, RDS o motor de BBDD, validación de claves y algoritmo.",Relacionado con SIR-016 (cifrado general).,"Database Encryption, ePHI Protection",La base de datos MySQL de OpenEMR utiliza cifrado de tablas InnoDB mediante TDE y claves en AWS KMS.,2025-04-29T14:01:33.110748+00:00,,,34.26,[]
129,SIR-117,"El acceso a la base de datos debe estar restringido exclusivamente mediante usuarios autenticados y roles definidos, sin conexiones anónimas.","ISO 27002:2022 5.18, NIST AC-6, HIPAA §164.312(a)(1)",Alta,Evita accesos no trazables o generalizados que podrían manipular o exfiltrar registros clínicos.,Revisión de políticas de autenticación y existencia de cuentas con privilegios mínimos.,"Relacionado con SIR-001 (acceso lógico), SIR-106 (privilegios).","Database Access Control, RBAC for Databases",Solo el usuario 'openemr_app' puede conectarse a la base con permisos SELECT/INSERT específicos.,2025-04-29T14:01:33.110748+00:00,,,17.34,[]
130,SIR-118,Todos los accesos y modificaciones a las bases de datos clínicas deben ser auditados con logs firmados o protegidos contra manipulación.,"HIPAA §164.312(b), ISO 27002:2022 5.22, NIST AU-2",Alta,Permite la trazabilidad completa y la detección de accesos indebidos o errores críticos.,Activación de log de auditoría binario o SQL + pruebas de integridad con hashing/cifrado.,Relacionado con SIR-107 (auditoría de privilegios).,"Database Auditing, Integrity of Logs",La auditoría de MySQL genera logs cifrados con firma digital y los envía a un SIEM para su verificación diaria.,2025-04-29T14:01:33.110748+00:00,,,16.32,[]
131,SIR-119,Debe implementarse validación de integridad periódica sobre la base de datos clínica para detectar alteraciones o corrupción de registros.,"ISO 27002:2022 8.16, NIST SI-7, HIPAA §164.312(c)(1)",Alta,"Asegura que la información clínica no haya sido modificada, truncada o corrompida por errores o amenazas.",Revisión de scripts o procesos automáticos de verificación de checksums y registros hash.,Relacionado con SIR-065 (integridad de datos).,"Database Integrity Checking, Anti-Tampering",Un job diario verifica que los hashes SHA-256 de cada tabla coincidan con los almacenados en logs sellados.,2025-04-29T14:01:33.110748+00:00,,,18.35,[]
132,SIR-120,Las instancias de base de datos deben estar protegidas mediante firewalls o grupos de seguridad que bloqueen todo tráfico externo no autorizado.,"ISO 27002:2022 5.14, NIST SC-7, CIS MySQL Benchmark",Alta,"Previene ataques de red (brute-force, SQL injection remota) y exposición de puertos críticos a internet.","Inspección de reglas de red (VPC, SG, IPTables) que aseguren restricción de acceso solo desde IPs permitidas.",Relacionado con SIR-072 (protección por IP).,"Database Network Isolation, Firewalling",El puerto 3306 de MySQL solo es accesible internamente por la subred de aplicaciones clínicas autenticadas.,2025-04-29T14:01:33.110748+00:00,,,15.31,[]
133,SIR-121,"[Opcional] Los modelos de IA clínica utilizados en decisiones deben ser trazables, incluyendo versión del modelo, parámetros y fecha de entrenamiento.","ISO 27002:2022 8.29, NIST SA-15(10)",Alta,Permite auditar y verificar la fiabilidad clínica de las decisiones algorítmicas.,Inspección de logs de predicción y almacenamiento de metadatos del modelo.,Aplicable solo si se usan módulos de IA clínica.,"AI Model Traceability, Clinical Auditability","Al registrar una predicción de riesgo, OpenEMR almacena que fue generada por el modelo 'risk-2025-v3' entrenado en enero.",2025-05-01T16:02:24.326609+00:00,,,24.78,[]
134,SIR-122,[Opcional] Las decisiones automáticas asistidas por IA deben poder ser explicadas clínicamente en lenguaje comprensible para el profesional.,"ISO 27002:2022 8.29, NIST RA-9",Media,"Facilita la revisión humana informada, evita dependencia ciega del modelo y mejora confianza clínica.",Evaluación de la documentación o interfaz del sistema que muestre racional clínico o factores clave.,Complementa SIR-121.,"Explainable AI, Clinical Transparency",Un sistema de triaje muestra que la clasificación 'urgente' se basó en frecuencia cardíaca elevada y dificultad respiratoria detectada.,2025-05-01T16:02:24.326609+00:00,,,10.91,[]
135,SIR-123,"[Opcional] Las predicciones realizadas por motores de IA deben quedar registradas con marca de tiempo, usuario responsable y contexto clínico.","NIST AU-2, ISO 27002:2022 5.22, HIPAA §164.312(b)",Alta,Garantiza trazabilidad de recomendaciones clínicas para revisión o refutación en caso de error.,Verificación de logs clínicos con auditoría de predicciones y decisiones tomadas.,Complementa SIR-121 y SIR-107.,"AI Prediction Logging, Accountability","Se almacena que el modelo 'diabetes-risk-v2' recomendó intervención para el paciente 38219, revisado por el Dr. Pérez.",2025-05-01T16:02:24.326609+00:00,,,34.26,[]
136,SIR-124,[Opcional] Los datos clínicos utilizados para entrenar o mejorar modelos de IA deben anonimizarse o seudonimizarse previamente.,"ISO 27002:2022 8.11.3, HIPAA §164.514(b), NIST SP 800-53 PM-18",Alta,Evita exposición no justificada de ePHI en fases de entrenamiento o ajuste del modelo.,Verificación de que los datos exportados para IA no contienen identificadores directos ni indirectos.,Relacionado con SIR-045 (minimización de datos).,"Data Minimization, Privacy-by-Design AI","Los registros utilizados para refinar el modelo de detección de sepsis eliminan nombres, fechas y ubicaciones exactas.",2025-05-01T16:02:24.326609+00:00,,,20.38,[]
137,SIR-125,[Opcional] Los modelos de IA deben someterse a validaciones periódicas para confirmar su precisión clínica y evitar deriva algorítmica.,"ISO 27002:2022 8.29.3, NIST SA-15(3)",Media,Evita que un modelo obsoleto siga operando con decisiones incorrectas que afecten al paciente.,"Evidencia de evaluación periódica y métricas (precision, recall) frente a un set clínico de referencia.",Complementa SIR-121.,"Model Monitoring, Clinical Accuracy Validation",Cada 6 meses se evalúa el modelo de predicción de ECV usando registros validados y se documentan resultados.,2025-05-01T16:02:24.326609+00:00,,,9.89,[]
138,SIR-126,Toda comunicación basada en HL7 FHIR debe realizarse exclusivamente a través de HTTPS (TLS 1.2 o superior) con certificados válidos.,"ISO 27002:2022 8.4.1, NIST SC-12, HIPAA §164.312(e)(1)",Alta,Protege la confidencialidad e integridad de la ePHI intercambiada entre sistemas interoperables.,Pruebas de conexión a endpoints FHIR con validación de TLS y rechazo de HTTP.,Relacionado con SIR-086 (TLS general).,"FHIR Transport Layer Security, OWASP API A9",El endpoint /fhir/Patient solo responde si se accede mediante conexión HTTPS con certificado válido CA.,2025-05-01T16:05:00.406465+00:00,,,35.95,[]
139,SIR-127,El acceso a recursos FHIR debe requerir tokens con scopes definidos (OAuth 2.0) que limiten el acceso a los recursos estrictamente necesarios.,"NIST AC-17, ISO 27002:2022 5.18, SMART on FHIR",Alta,"Aplica el principio de mínimo privilegio y protege recursos sensibles como Patient, Observation, Encounter.","Verificación de autorización por scope (p. ej., patient/*.read) y denegación de acceso sin token válido.",Relacionado con SIR-084 (API auth).,"OAuth2 Scopes, FHIR Authorization",Un token con scope 'patient/Observation.read' no puede acceder al recurso 'Patient.write'.,2025-05-01T16:05:00.406465+00:00,,,51.85,[]
140,SIR-128,"Cada transacción FHIR debe registrarse en logs auditables incluyendo ID de recurso accedido, tiempo, usuario y aplicación origen.","ISO 27002:2022 5.22, NIST AU-2, HIPAA §164.312(b)",Alta,Permite trazar el uso de APIs clínicamente sensibles y detectar usos indebidos o accesos masivos.,Inspección de logs de acceso FHIR en el servidor de OpenEMR y verificación de almacenamiento seguro.,Relacionado con SIR-123 y SIR-054.,"FHIR Logging, API Auditing",El log registra que el usuario 'externo@hospital.com' accedió al recurso /fhir/Patient/89213 a las 10:35 con app_id X.,2025-05-01T16:05:00.406465+00:00,,,27.83,[]
141,SIR-129,Los parámetros de entrada a las APIs FHIR deben validarse estrictamente contra el perfil FHIR esperado y tamaños límite.,"OWASP API8:2023, ISO 27002:2022 8.12",Alta,"Evita inyecciones, denegaciones de servicio por payloads extensos o malformaciones que comprometan el sistema.","Fuzzing de APIs FHIR, revisión de uso de librerías de validación HL7 estándar (p. ej., HAPI FHIR validator).",Relacionado con SIR-087 (validación API general).,"Input Validation, FHIR Schema Compliance",Se rechaza una carga FHIR con un 'Observation.valueQuantity' inválido o con campos no permitidos en el perfil implementado.,2025-05-01T16:05:00.406465+00:00,,,43.73,[]
142,SIR-130,El sistema debe implementar limitación de tasas de acceso (rate limiting) por aplicación y usuario para endpoints FHIR.,"OWASP API4:2023, NIST SC-5",Media,"Evita abusos, scraping masivo de información sensible y ataques de denegación de servicio.",Pruebas de carga controlada y verificación de respuesta HTTP 429 al exceder umbral de peticiones.,Relacionado con SIR-088 (rate limit general).,"Rate Limiting, API Resource Throttling",Se limita a 60 peticiones por minuto por app_id; al superarlo se devuelve 429 y se registra intento excesivo.,2025-05-01T16:05:00.406465+00:00,,,44.75,[]
143,SIR-131,Toda estación clínica o terminal físico que acceda a OpenEMR debe requerir autenticación individual del usuario mediante credenciales seguras.,"HIPAA §164.310(a)(1), ISO 27002:2022 5.17.2, NIST AC-7",Alta,"Evita accesos indebidos desde terminales compartidas o no supervisadas, protegiendo el acceso a ePHI.",Pruebas en estaciones de trabajo para verificar autenticación activa por usuario clínico.,Relacionado con SIR-002 (acceso lógico).,"Workstation Access Control, Identity Enforcement","Cada terminal en consulta requiere autenticación con usuario individual antes de acceder a OpenEMR, y se cierra automáticamente tras 5 minutos de inactividad.",2025-05-01T16:07:09.501666+00:00,,,1.43,[]
144,SIR-132,Las estaciones clínicas deben bloquearse automáticamente tras un periodo definido de inactividad para prevenir el acceso no autorizado.,"HIPAA §164.312(a)(2)(iii), ISO 27002:2022 5.17.6, DISA STIG",Alta,Reduce la posibilidad de exposición visual o manipulación de registros clínicos en entornos físicos compartidos.,Revisión de políticas de bloqueo de pantalla en estaciones y pruebas de inactividad.,Relacionado con SIR-040 (sesiones).,"Session Timeout, Physical Endpoint Protection","Después de 3 minutos sin actividad, el terminal clínico bloquea automáticamente la sesión y requiere reautenticación.",2025-05-01T16:07:09.501666+00:00,,,10.91,[]
145,SIR-133,"Las estaciones clínicas deben contar con mecanismos de protección antimanipulación física como anclajes, cierre de puertos no autorizados y ubicación segura.","ISO 27002:2022 7.3, HIPAA §164.310(a)(2)(iii), NIST PE-3",Media,"Evita que dispositivos sean robados, manipulados físicamente o usados como vía de ataque.",Inspección física de estaciones clínicas y validación de bloqueo de puertos USB no autorizados.,Relacionado con SIR-079 (acceso físico).,"Endpoint Tamper Protection, Physical Security","Estación de consulta anclada al escritorio, con BIOS bloqueada y puertos USB deshabilitados para prevenir conexión de medios extraíbles.",2025-05-01T16:07:09.501666+00:00,,,7.86,[]
146,SIR-134,"Debe instalarse software de gestión de endpoints (MDM/EDR) en todas las estaciones clínicas para control remoto, actualizaciones, borrado o rastreo.","ISO 27002:2022 8.6.3, NIST CM-7, HIPAA §164.310(d)(1)",Alta,"Permite monitorear y controlar estaciones clínicas, aplicar parches y responder a incidentes de forma centralizada.",Revisión de plataforma de gestión de endpoints y enrolamiento de estaciones.,Relacionado con SIR-050 (gestión de dispositivos).,"Endpoint Management, Clinical Workstation Control",Cada estación clínica tiene agente MDM que permite aplicar configuraciones de seguridad y borrar datos de forma remota en caso de pérdida.,2025-05-01T16:07:09.501666+00:00,,,17.34,[]
147,SIR-135,Los dispositivos clínicos portátiles deben contar con cifrado completo de disco activado para prevenir pérdida o acceso a ePHI en caso de extravío.,"HIPAA §164.312(a)(2)(iv), ISO 27002:2022 8.10.3, NIST MP-5",Alta,Protege los datos almacenados localmente en portátiles o tablets usados en movilidad clínica.,"Verificación de políticas de cifrado activo en sistemas operativos (BitLocker, FileVault, LUKS).",Relacionado con SIR-015 (almacenamiento seguro).,"Full Disk Encryption, Mobile Endpoint Security","La tablet del personal médico tiene activado cifrado LUKS, y requiere passphrase al encender.",2025-05-01T16:07:09.501666+00:00,,,22.75,[]
148,SIR-136,Toda firma electrónica clínica debe estar asociada a una identidad verificada del firmante mediante un mecanismo de autenticación fuerte.,"ISO 27002:2022 8.5.3, NIST IA-2, HIPAA §164.312(a)(1)",Alta,"Garantiza que la firma corresponde a la persona autorizada, evitando suplantaciones.",Revisión de logs de firma con identidad única vinculada y uso de 2FA/MFA para confirmación.,Relacionado con SIR-002 (autenticación) y SIR-084 (OAuth).,"Digital Signature Identity, Authentication Binding",El médico que firma un consentimiento debe autenticarse con su token OTP antes de que se registre la firma.,2025-05-01T16:13:23.152812+00:00,,,-7.04,[]
149,SIR-137,Los documentos clínicos firmados deben contar con un mecanismo de validación criptográfica que garantice su integridad y detecte cualquier modificación posterior.,"ISO 27002:2022 8.3.5, HIPAA §164.312(c)(1)",Alta,"Protege contra manipulaciones de documentos firmados como consentimientos, informes o recetas.","Verificación de integridad hash (p. ej., SHA-256) y comprobación de firma digital asociada.",Relacionado con SIR-065 (integridad de ePHI).,"Document Integrity, Tamper Detection",Cada receta firmada digitalmente contiene un sello hash y firma RSA que permite validar que no fue alterada.,2025-05-01T16:13:23.152812+00:00,,,7.86,[]
150,SIR-138,"Las firmas electrónicas deben registrar la fecha, hora, usuario firmante y contexto clínico en el que se generaron.","ISO 27002:2022 5.22, HIPAA §164.312(b), NIST AU-2",Alta,Asegura la trazabilidad y responsabilidad clínica ante auditorías o disputas legales.,Inspección de logs de firma asociados a los registros electrónicos firmados.,Relacionado con SIR-107 (auditoría de privilegios).,"Signature Audit Trail, Clinical Accountability","Al firmar un alta médica, el sistema registra: Dr. A. Pérez, 2025-05-02 11:22, motivo: alta postoperatoria.",2025-05-01T16:13:23.152812+00:00,,,53.21,[]
151,SIR-139,Las firmas electrónicas clínicas deben estar protegidas contra reutilización o replicación en otros registros.,"ISO 27002:2022 8.5.3, NIST SP 800-63B",Alta,Evita el uso fraudulento de firmas válidas en contextos distintos al original.,Verificación de unicidad y no transferibilidad de tokens de firma y restricciones por sesión.,Relacionado con SIR-040 (sesión de usuario).,"Signature Replay Protection, Session Binding",La firma digital emitida para un informe clínico no puede ser reutilizada para otro documento ni por otro usuario.,2025-05-01T16:13:23.152812+00:00,,,31.89,[]
152,SIR-140,"Debe permitirse la validación de firmas electrónicas incluso fuera del sistema OpenEMR, mediante verificación externa (p. ej., certificados públicos).","ISO 27002:2022 8.5.3, NIST SA-4(7)",Media,Permite auditoría legal y validación de documentos firmados incluso por terceros o en contexto forense.,Revisión de mecanismos de exportación con firma XAdES/PAdES o certificados verificables.,Complementa SIR-137.,"Signature Portability, Third-Party Verification",Un consentimiento firmado digitalmente puede ser exportado como PDF con firma X.509 validable en Adobe Acrobat.,2025-05-01T16:13:23.152812+00:00,,,1.43,[]
153,SIR-141,"Se debe realizar una evaluación periódica de riesgos de seguridad sobre todos los activos que procesan o almacenan ePHI, al menos una vez al año o ante cambios significativos.","ISO 27002:2022 5.28, NIST RA-3, HIPAA §164.308(a)(1)(ii)(A)",Alta,"Permite identificar nuevas amenazas, vulnerabilidades o impactos que comprometan la confidencialidad, integridad o disponibilidad de la ePHI.","Informe de evaluación de riesgos actualizado con evidencias de identificación, impacto y planes de tratamiento.",Relacionado con SIR-062 (continuidad técnica).,"Risk Assessment, ePHI Exposure Management","Cada 12 meses, el equipo de seguridad evalúa los riesgos del módulo de prescripción electrónica incluyendo nuevas dependencias.",2025-05-01T16:17:13.552099+00:00,,,25.12,[]
154,SIR-142,"Debe llevarse a cabo un Privacy Impact Assessment (PIA) ante cualquier nuevo tratamiento, módulo o integración que implique acceso a datos clínicos identificables.","ISO 27002:2022 8.11.1, NIST PM-9, Canada Health Infoway Req. 16",Alta,Permite anticipar y mitigar riesgos para los derechos de los pacientes y su información personal.,"Revisión documental del PIA realizado antes del despliegue de nuevos módulos, con evaluación de impacto legal y técnico.",Relacionado con SIR-045 (minimización de datos).,"Privacy Impact Assessment, Data Protection","Antes de integrar un nuevo sistema de telemedicina, se realiza un PIA para evaluar cómo se recopilan, almacenan y transfieren las videollamadas clínicas.",2025-05-01T16:17:13.552099+00:00,,,14.29,[]
155,SIR-143,El sistema debe contar con una metodología definida para priorizar los riesgos detectados en función del impacto en la ePHI y la probabilidad de ocurrencia.,"ISO 27005, NIST RA-2, HIPAA §164.308(a)(1)",Alta,"Facilita decisiones de seguridad efectivas, asignación de recursos y remediación escalonada.","Verificación del uso de matriz de riesgo o metodología tipo OCTAVE, FAIR o similar aplicada a OpenEMR.",Relacionado con SIR-141.,"Risk Prioritization, Impact Mapping",Una vulnerabilidad en la API de resultados de laboratorio se clasifica como crítica por tener exposición externa y afectar integridad clínica.,2025-05-01T16:17:13.552099+00:00,,,37.64,[]
156,SIR-144,La evaluación de riesgos debe actualizarse automáticamente o manualmente tras cualquier incidente de seguridad o hallazgo relevante.,"ISO 27002:2022 5.28.2, NIST RA-4",Media,Garantiza que los riesgos emergentes se gestionen de forma reactiva tras eventos no previstos.,Verificación de que las evaluaciones se modificaron tras incidentes registrados en el SIEM o en el sistema de tickets.,Relacionado con SIR-105 (detección de ransomware) y SIR-057 (monitorización avanzada).,"Dynamic Risk Adjustment, Post-Incident Review","Tras detectar un ataque a APIs FHIR, se actualiza el riesgo de exposición de datos clínicos remotos y se reevalúa la prioridad de mitigación.",2025-05-01T16:17:13.552099+00:00,,,11.92,[]
157,SIR-145,Debe mantenerse evidencia documental de todas las evaluaciones de riesgos y decisiones asociadas durante al menos 5 años para fines de cumplimiento.,"HIPAA §164.316(b), ISO 27002:2022 5.28.3",Media,"Facilita auditorías, cumplimiento legal y análisis histórico de decisiones sobre seguridad clínica.","Auditoría de repositorio documental (con logs de versiones, decisiones tomadas y responsables).",Relacionado con SIR-041 (derechos del paciente) y SIR-142 (PIA).,"Risk Documentation, Compliance Traceability",El equipo de seguridad conserva los informes de evaluación de 2023 y 2024 en un sistema de gestión documental con control de versiones.,2025-05-01T16:17:13.552099+00:00,,,15.31,[]
158,SIR-146,Las áreas físicas donde se alojan servidores que contienen ePHI deben contar con control de acceso físico mediante autenticación multifactor o credenciales biométricas.,"HIPAA §164.310(a)(1), ISO 27002:2022 7.4.1, NIST PE-3",Alta,Evita accesos no autorizados a infraestructura crítica que podría comprometer la disponibilidad o confidencialidad de datos clínicos.,"Verificación del sistema de control físico implementado (biométrico, tarjeta RFID) y registros de acceso.",Relacionado con SIR-079 (acceso físico general).,"Physical Access Control, Facility Protection",El CPD donde se aloja OpenEMR requiere tarjeta de proximidad y huella digital para ingreso al rack.,2025-05-01T16:19:35.633952+00:00,,,14.29,[]
159,SIR-147,"Las áreas sensibles deben contar con videovigilancia activa (CCTV) y grabación continua, conservada por al menos 30 días.","ISO 27002:2022 7.5.5, HIPAA §164.310(b)",Media,Permite detectar y evidenciar accesos físicos indebidos o actividades sospechosas en zonas críticas.,"Revisión del sistema CCTV, retención de grabaciones y protección de acceso a las mismas.",Relacionado con SIR-082 (registros físicos).,"Physical Surveillance, CCTV Auditability",Zona de servidores clínicos monitoreada con cámaras IP que almacenan 45 días de grabaciones cifradas.,2025-05-01T16:19:35.633952+00:00,,,27.83,[]
160,SIR-148,"Las instalaciones donde se operan sistemas clínicos deben tener sensores de intrusión, incendios, humedad y temperatura conectados a una central de alertas.","ISO 27002:2022 7.9.1, NIST PE-6",Alta,Mitiga riesgos físicos/ambientales que podrían afectar la disponibilidad e integridad del sistema clínico.,Inspección de sensores ambientales instalados y pruebas periódicas de su funcionamiento.,Relacionado con SIR-080 (protección ambiental).,"Environmental Monitoring, Physical Safety","El data center clínico incluye sensores de temperatura, CO2 y movimiento, conectados a panel central con alertas automáticas.",2025-05-01T16:19:35.633952+00:00,,,23.77,[]
161,SIR-149,"Debe aplicarse un registro obligatorio de visitantes a zonas restringidas físicas, incluyendo identificación, fecha, hora y motivo del acceso.","ISO 27002:2022 7.4.3, HIPAA §164.310(a)(2)(iii), NIST PE-8",Media,"Permite trazabilidad física, identificación de accesos no esperados y análisis forense ante incidentes.",Revisión del libro/log de visitantes y su custodia por seguridad física.,Relacionado con SIR-082.,"Visitor Management, Physical Access Audit","Toda persona que accede a la sala de servidores debe firmar su entrada, mostrar identificación y registrar el objetivo de su visita.",2025-05-01T16:19:35.633952+00:00,,,9.89,[]
162,SIR-150,"Se debe proteger contra accesos externos no vigilados mediante barreras físicas perimetrales, puertas controladas electrónicamente y vigilancia continua.","ISO 27002:2022 7.1.2, NIST PE-2",Alta,Previene accesos no autorizados a instalaciones físicas donde se procesan o almacenan datos clínicos sensibles.,"Inspección física del perímetro, evaluación de medidas de entrada/salida, cámaras y sensores.",Relacionado con SIR-133.,"Perimeter Protection, Facility Security","El centro médico cuenta con cerraduras electrónicas, torniquetes de entrada y guardia presencial las 24h.",2025-05-01T16:19:35.633952+00:00,,,-22.94,[]
163,SIR-151,Todo sistema heredado o sin soporte activo que procese o acceda a ePHI debe estar segmentado en una red aislada sin conectividad directa con internet o entornos sensibles.,"ISO 27002:2022 5.34, NIST SC-7, HIPAA §164.312(a)(1)",Alta,Minimiza el riesgo de compromisos al evitar que sistemas obsoletos expongan directamente información clínica crítica.,Inspección de topología de red y políticas de firewall para validación de segmentación efectiva.,Relacionado con SIR-072 (protección por IP).,"Legacy System Segmentation, Network Isolation",Un sistema antiguo de gestión de radiología solo se comunica con OpenEMR vía un proxy interno y no tiene salida a internet.,2025-05-01T16:25:55.059286+00:00,,,17.68,[]
164,SIR-152,"Se debe mantener monitoreo específico sobre los sistemas legados, incluyendo alertas ante patrones anómalos de tráfico, acceso o integridad de datos.","NIST SI-4, ISO 27002:2022 5.34.2, 5.22",Alta,"Dado que no pueden parchearse fácilmente, se requiere compensación mediante monitoreo reforzado.","Verificación de integración con SIEM, agentes o sondas de detección de anomalías.",Relacionado con SIR-057 (detección avanzada) y SIR-105 (alertas).,"Legacy Monitoring, Threat Detection",El sistema de imágenes médicas obsoleto es monitorizado mediante agente OSSEC que reporta cambios no autorizados.,2025-05-01T16:25:55.059286+00:00,,,7.86,[]
165,SIR-153,No se deben introducir nuevos datos clínicos sensibles en sistemas heredados sin soporte salvo que existan controles compensatorios documentados y activos.,"ISO 27002:2022 5.34.1, NIST SA-10",Media,Evita ampliar la superficie de exposición de ePHI a plataformas que no pueden garantizar protección adecuada.,Revisión de flujos de integración para confirmar que solo se usa para consulta y no ingreso de nueva ePHI.,Relacionado con SIR-045 (minimización).,"Legacy Data Governance, Risk Containment",El visor de resultados antiguos solo permite consulta y bloquea inserciones desde el frontend clínico.,2025-05-01T16:25:55.059286+00:00,,,16.32,[]
166,SIR-154,"Todo acceso a sistemas legados debe registrarse con logs auditables, firmados o almacenados en sistemas externos de forma inmutable.","ISO 27002:2022 5.34.3, NIST AU-2, HIPAA §164.312(b)",Alta,Permite rastrear accesos indebidos y compensa la falta de seguridad nativa del sistema obsoleto.,Inspección de logs exportados a SIEM o almacenamiento seguro tipo WORM.,Relacionado con SIR-054 (auditoría).,"Legacy Access Logging, Audit Reinforcement","Cada acceso al sistema legacy de urgencias se registra con IP, usuario, timestamp y se almacena en bucket S3 inmutable.",2025-05-01T16:25:55.059286+00:00,,,9.89,[]
167,SIR-155,La continuidad del uso de sistemas legados debe estar justificada documentalmente con un análisis de riesgo y plan de migración progresivo.,"ISO 27002:2022 5.34.4, NIST PM-9",Media,Evita dependencia perpetua de tecnología obsoleta y promueve su reemplazo estructurado.,Revisión de análisis de riesgo firmado y plan de modernización o contención a mediano plazo.,Relacionado con SIR-141 (evaluación de riesgos).,"Legacy System Governance, Lifecycle Planning","Se documenta que el sistema legacy de imágenes será retirado en 12 meses, y se encuentra en plan de transición controlada.",2025-05-01T16:25:55.059286+00:00,,,24.78,[]
